"campaignid","sample","latitude","longitude","date","site","location","depth","broad.ascidians","broad.bryozoa","broad.consolidated","broad.hydroids","broad.invertebrate.complex","broad.macroalgae","broad.octocoral.black","broad.sea.stars","broad.seagrasses","broad.sponges","broad.stony.corals","broad.unconsolidated","broad.total.points.annotated","planned.or.exploratory"
"2022-11_Investigator_stereo-BRUVs","INV-BV-70","-34.06644167","120.9385767","2022-11-03","Investigator Island","South-west Corner","64.4",0,1,0,2,10,4,8,0,0,5,0,3,33,"MBH"
"2022-11_Investigator_stereo-BRUVs","INV-BV-36","-34.06377339","120.9386308","2022-11-03","Investigator Island","South-west Corner","49.7",0,0,1,0,0,30,0,0,0,0,0,0,31,"MBH"
"2022-11_Investigator_stereo-BRUVs","INV-BV-62","-34.05634538","120.9663105","2022-11-03","Investigator Island","South-west Corner","66.4",0,0,0,0,0,0,0,0,0,0,0,34,34,"MBH"
"2022-11_Investigator_stereo-BRUVs","INV-BV-58","-34.04880504","120.9512688","2022-11-03","Investigator Island","South-west Corner","60.3",0,0,0,0,0,0,0,0,0,0,0,32,32,"MBH"
"2022-11_Investigator_stereo-BRUVs","INV-BV-07","-34.04886","120.94125","2022-11-03","Investigator Island","South-west Corner","57.7",0,10,0,0,2,5,0,0,0,3,0,13,33,"MBH"
"2022-11_Investigator_stereo-BRUVs","INV-BV-14","-34.043595","120.9337917","2022-11-03","Investigator Island","South-west Corner","53.8",0,1,0,0,0,4,0,0,0,0,0,28,33,"MBH"
"2022-11_Investigator_stereo-BRUVs","INV-BV-20","-34.04372603","120.9536963","2022-11-03","Investigator Island","South-west Corner","57.9",0,0,0,0,0,0,0,0,0,0,0,33,33,"MBH"
"2022-11_Investigator_stereo-BRUVs","INV-BV-11","-34.03604","120.9485867","2022-11-03","Investigator Island","South-west Corner","45.5",0,0,0,0,3,12,2,0,0,13,0,0,30,"MBH"
"2022-11_Investigator_stereo-BRUVs","INV-BV-05","-34.03111308","120.9263512","2022-11-03","Investigator Island","South-west Corner","58.9",0,1,0,0,0,1,0,0,0,0,0,27,29,"MBH"
"2022-11_Investigator_stereo-BRUVs","INV-BV-28","-34.01881825","120.9464186","2022-11-03","Investigator Island","South-west Corner","51.4",0,0,0,0,0,0,0,0,0,0,0,30,30,"MBH"
"2022-11_Investigator_stereo-BRUVs","INV-BV-03","-34.02375","120.95625","2022-11-03","Investigator Island","South-west Corner","60.7",0,6,0,0,5,0,1,0,0,7,0,7,26,"MBH"
"2022-11_Investigator_stereo-BRUVs","INV-BV-60","-34.00636381","120.9662883","2022-11-03","Investigator Island","South-west Corner","59.1",0,7,0,0,0,0,0,0,0,4,0,17,28,"MBH"
"2022-11_Investigator_stereo-BRUVs","INV-BV-27","-34.00131032","120.9309073","2022-11-03","Investigator Island","South-west Corner","48.8",0,3,1,0,0,12,0,0,0,0,0,16,32,"MBH"
"2022-11_Investigator_stereo-BRUVs","INV-BV-53","-33.99632242","120.9440016","2022-11-03","Investigator Island","South-west Corner","51.7",0,3,0,0,0,3,0,0,0,0,0,22,28,"MBH"
"2022-11_Investigator_stereo-BRUVs","INV-BV-44","-33.99618368","120.9237852","2022-11-03","Investigator Island","South-west Corner","50.2",0,1,0,0,2,10,0,0,0,2,0,15,30,"MBH"
"2022-11_Investigator_stereo-BRUVs","INV-BV-17","-33.99125","120.90875","2022-11-03","Investigator Island","South-west Corner","50",0,1,0,0,0,6,0,0,0,1,0,27,35,"MBH"
"2022-11_Investigator_stereo-BRUVs","INV-BV-22","-33.9763802","120.9337514","2022-11-03","Investigator Island","South-west Corner","47.3",0,2,1,0,0,19,0,0,0,0,0,9,31,"MBH"
"2022-11_Investigator_stereo-BRUVs","CP2","-33.96610615","120.9326288","2022-11-03","Investigator Island","South-west Corner","43.6",0,3,0,0,0,6,0,0,0,3,0,20,32,"Captain's pick"
"2022-11_Investigator_stereo-BRUVs","CP3","-33.96994272","120.9004951","2022-11-03","Investigator Island","South-west Corner","49.8",0,0,0,0,0,3,0,0,0,0,0,28,31,"Captain's pick"
"2022-11_Investigator_stereo-BRUVs","CP4","-33.97750151","120.9150978","2022-11-03","Investigator Island","South-west Corner","46.7",0,0,0,0,0,0,0,0,0,0,0,33,33,"Captain's pick"
"2022-11_Investigator_stereo-BRUVs","INV-BV-35","-33.9513702","120.9730724","2022-11-04","Investigator Island","South-west Corner","44.8",0,0,0,0,2,9,0,0,0,0,0,19,30,"MBH"
"2022-11_Investigator_stereo-BRUVs","INV-BV-55","-33.94625","120.95375","2022-11-04","Investigator Island","South-west Corner","41",1,0,0,0,0,15,0,0,0,0,0,14,30,"MBH"
"2022-11_Investigator_stereo-BRUVs","INV-BV-26","-33.9438414","120.9713517","2022-11-04","Investigator Island","South-west Corner","45.5",0,0,0,0,0,16,0,0,0,0,0,20,36,"MBH"
"2022-11_Investigator_stereo-BRUVs","INV-BV-66","-33.92904866","120.9838657","2022-11-04","Investigator Island","South-west Corner","36.8",0,0,0,0,0,6,0,0,0,0,0,12,18,"MBH"
"2022-11_Investigator_stereo-BRUVs","INV-BV-51","-33.92622075","120.9988784","2022-11-04","Investigator Island","South-west Corner","44.2",0,0,0,0,0,26,0,0,0,1,0,2,29,"MBH"
"2022-11_Investigator_stereo-BRUVs","INV-BV-24","-33.92866816","121.0312282","2022-11-04","Investigator Island","South-west Corner","46.3",0,0,1,0,10,3,0,0,0,2,0,19,35,"MBH"
"2022-11_Investigator_stereo-BRUVs","INV-BV-02","-33.92375","121.05875","2022-11-04","Investigator Island","South-west Corner","38.4",0,0,0,0,0,15,0,0,0,0,0,20,35,"MBH"
"2022-11_Investigator_stereo-BRUVs","INV-BV-48","-33.93625","121.06125","2022-11-04","Investigator Island","South-west Corner","39.7",0,0,0,1,4,23,0,0,0,3,0,0,31,"MBH"
"2022-11_Investigator_stereo-BRUVs","INV-BV-29","-33.95375","121.04625","2022-11-04","Investigator Island","South-west Corner","57.7",0,0,0,0,0,0,0,0,0,0,0,35,35,"MBH"
"2022-11_Investigator_stereo-BRUVs","INV-BV-42","-33.9486914","121.026183","2022-11-04","Investigator Island","South-west Corner","58.6",0,1,0,0,0,0,0,0,0,0,0,31,32,"MBH"
"2022-11_Investigator_stereo-BRUVs","INV-BV-57","-33.95625","121.02375","2022-11-04","Investigator Island","South-west Corner","60.2",0,0,1,0,1,5,0,0,0,1,0,22,30,"MBH"
"2022-11_Investigator_stereo-BRUVs","INV-BV-69","-33.95376898","121.0163822","2022-11-04","Investigator Island","Eastern Recherche","57.4",0,5,0,0,7,3,1,0,0,6,0,12,34,"MBH"
"2022-11_Salisbury_stereo-BRUVs","SAL-BV-091","-34.36013659","123.5225436","2022-11-21","Salisbury Island","Eastern Recherche","51.7",0,0,2,0,0,28,0,0,0,0,0,0,30,"MBH"
"2022-11_Salisbury_stereo-BRUVs","SAL-BV-059","-34.3532273","123.5359638","2022-11-21","Salisbury Island","Eastern Recherche","35.5",0,0,0,0,0,0,0,0,0,0,0,19,19,"MBH"
"2022-11_Salisbury_stereo-BRUVs","SAL-BV-047","-34.31721358","123.4814367","2022-11-21","Salisbury Island","Eastern Recherche","83",0,4,0,0,5,0,0,0,0,10,0,16,35,"MBH"
"2022-11_Salisbury_stereo-BRUVs","SAL-BV-022","-34.32191272","123.5100899","2022-11-21","Salisbury Island","Eastern Recherche","81.8",0,1,0,0,1,0,0,0,0,3,0,28,33,"MBH"
"2022-11_Salisbury_stereo-BRUVs","SAL-BV-C01","-34.31912852","123.518249","2022-11-21","Salisbury Island","Eastern Recherche","79.5",0,2,0,0,2,0,0,0,0,4,0,26,34,"Captain's pick"
"2022-11_Salisbury_stereo-BRUVs","SAL-BV-C02","-34.31604117","123.5394085","2022-11-21","Salisbury Island","Eastern Recherche","72.5",0,2,0,0,0,0,0,0,0,0,0,33,35,"Captain's pick"
"2022-11_Salisbury_stereo-BRUVs","SAL-BV-C03","-34.30883246","123.5191172","2022-11-21","Salisbury Island","Eastern Recherche","77.6",0,0,0,0,0,0,0,0,0,0,0,29,29,"Captain's pick"
"2022-11_Salisbury_stereo-BRUVs","SAL-BV-056","-34.30190728","123.4926449","2022-11-21","Salisbury Island","Eastern Recherche","80.4",0,0,0,0,1,0,0,0,0,0,0,30,31,"MBH"
"2022-11_Salisbury_stereo-BRUVs","SAL-BV-063","-34.39273574","123.5255309","2022-11-21","Salisbury Island","Eastern Recherche","83.5",0,1,0,0,6,0,1,0,0,3,0,23,34,"MBH"
"2022-11_Salisbury_stereo-BRUVs","SAL-BV-C04","-34.39788544","123.5243921","2022-11-21","Salisbury Island","Eastern Recherche","81.4",0,1,0,0,4,0,0,0,0,0,0,29,34,"Captain's pick"
"2022-11_Salisbury_stereo-BRUVs","SAL-BV-C05","-34.40376508","123.5171644","2022-11-21","Salisbury Island","Eastern Recherche","83.5",0,0,1,0,0,0,0,0,0,2,0,22,25,"Captain's pick"
"2022-11_Salisbury_stereo-BRUVs","SAL-BV-C07","-34.40662698","123.5222674","2022-11-21","Salisbury Island","Eastern Recherche","66.3",0,0,0,5,15,0,6,0,0,9,0,0,35,"Captain's pick"
"2022-11_Salisbury_stereo-BRUVs","SAL-BV-027","-34.41246656","123.5395713","2022-11-21","Salisbury Island","Eastern Recherche","86.1",0,0,0,0,5,0,2,0,0,1,0,22,30,"MBH"
"2022-11_Salisbury_stereo-BRUVs","SAL-BV-032","-34.42764662","123.5610232","2022-11-21","Salisbury Island","Eastern Recherche","90.4",0,0,0,0,7,0,0,0,0,4,0,24,35,"MBH"
"2022-11_Salisbury_stereo-BRUVs","SAL-BV-C06","-34.42974534","123.5382463","2022-11-21","Salisbury Island","Eastern Recherche","90.8",0,0,0,0,0,0,0,0,0,0,0,23,23,"Captain's pick"
"2022-11_Salisbury_stereo-BRUVs","SAL-BV-043","-34.43747999","123.5081563","2022-11-21","Salisbury Island","Eastern Recherche","91.6",0,0,0,0,5,0,1,0,0,9,0,19,34,"MBH"
"2022-11_Salisbury_stereo-BRUVs","SAL-BV-057","-34.45575408","123.6618775","2022-11-22","Salisbury Island","Eastern Recherche","84.6",0,0,0,0,0,0,0,0,0,0,0,28,28,"MBH"
"2022-11_Salisbury_stereo-BRUVs","SAL-BV-080","-34.46316253","123.6481971","2022-11-22","Salisbury Island","Eastern Recherche","85.9",0,0,0,0,0,0,0,0,0,0,0,34,34,"MBH"
"2022-11_Salisbury_stereo-BRUVs","SAL-BV-001","-34.46670461","123.6283059","2022-11-22","Salisbury Island","Eastern Recherche","47.8",0,0,3,0,0,31,0,0,0,0,0,0,34,"MBH"
"2022-11_Salisbury_stereo-BRUVs","SAL-BV-C08","-34.46984078","123.6226578","2022-11-22","Salisbury Island","Eastern Recherche","84.1",0,3,0,0,6,0,0,0,0,9,0,19,37,"Captain's pick"
"2022-11_Salisbury_stereo-BRUVs","SAL-BV-C09","-34.47247845","123.5976589","2022-11-22","Salisbury Island","Eastern Recherche","86.4",0,2,0,0,6,0,0,0,0,6,0,21,35,"Captain's pick"
"2022-11_Salisbury_stereo-BRUVs","SAL-BV-054","-34.47094964","123.5662194","2022-11-22","Salisbury Island","Eastern Recherche","86.4",0,0,0,0,6,0,0,0,0,6,0,26,38,"MBH"
"2022-11_Salisbury_stereo-BRUVs","SAL-BV-C10","-34.4601941","123.5699235","2022-11-22","Salisbury Island","Eastern Recherche","82.3",0,0,2,1,21,0,0,0,0,3,0,9,36,"Captain's pick"
"2022-11_Salisbury_stereo-BRUVs","SAL-BV-083","-34.43899483","123.6116742","2022-11-22","Salisbury Island","Eastern Recherche","81",0,0,0,0,0,0,0,0,0,1,0,33,34,"MBH"
"2022-11_Salisbury_stereo-BRUVs","SAL-BV-068","-34.41095643","123.5949456","2022-11-22","Salisbury Island","Eastern Recherche","88.8",0,0,1,4,7,0,0,1,0,4,0,22,39,"MBH"
"2022-11_Salisbury_stereo-BRUVs","SAL-BV-013","-34.40500309","123.624557","2022-11-22","Salisbury Island","Eastern Recherche","83.4",0,2,0,3,5,0,0,0,0,12,0,14,36,"MBH"
"2022-11_Salisbury_stereo-BRUVs","SAL-BV-049","-34.38435333","123.6363099","2022-11-22","Salisbury Island","Eastern Recherche","82.4",0,4,0,0,1,0,1,0,0,1,0,21,28,"MBH"
"2022-11_Salisbury_stereo-BRUVs","SAL-BV-C11","-34.37083794","123.643165","2022-11-22","Salisbury Island","Eastern Recherche","80.9",0,1,0,0,2,0,1,0,0,2,0,14,20,"Captain's pick"
"2022-11_Salisbury_stereo-BRUVs","SAL-BV-026","-34.35307209","123.6522622","2022-11-22","Salisbury Island","Eastern Recherche","79.4",0,1,0,1,7,0,0,0,0,3,0,24,36,"MBH"
"2022-11_Salisbury_stereo-BRUVs","SAL-BV-035","-34.34593659","123.6629647","2022-11-22","Salisbury Island","Eastern Recherche","78.9",0,0,0,1,0,0,1,0,0,7,0,19,28,"MBH"
"2022-11_Salisbury_stereo-BRUVs","SAL-BV-C12","-34.34719439","123.6530581","2022-11-22","Salisbury Island","Eastern Recherche","80.4",0,1,0,0,9,0,0,0,0,2,0,20,32,"Captain's pick"
"2022-11_Salisbury_stereo-BRUVs","SAL-BV-C13","-34.3466204","123.6296098","2022-11-22","Salisbury Island","Eastern Recherche","78.2",0,0,0,0,1,0,0,0,0,6,0,28,35,"Captain's pick"
"2022-11_Salisbury_stereo-BRUVs","SAL-BV-D01","-34.37281759","123.571581","2022-11-22","Salisbury Island","Eastern Recherche","80.2",0,0,0,0,0,0,0,0,0,0,0,26,26,"MBH"
"2022-11_Salisbury_stereo-BRUVs","SAL-BV-D02","-34.36921229","123.5598427","2022-11-22","Salisbury Island","Eastern Recherche","71.9",0,0,0,0,0,0,0,0,0,0,0,27,27,"MBH"
"2022-11_Salisbury_stereo-BRUVs","SAL-BV-D03","-34.3663338","123.5575982","2022-11-22","Salisbury Island","Eastern Recherche","55.1",0,3,1,4,15,0,3,0,0,10,0,0,36,"MBH"
"2022-11_Salisbury_stereo-BRUVs","SAL-BV-D04","-34.36384065","123.5590472","2022-11-22","Salisbury Island","Eastern Recherche","39.2",0,0,0,0,0,38,0,0,0,0,0,0,38,"MBH"
"2022-11_Salisbury_stereo-BRUVs","SAL-BV-D05","-34.35874449","123.5636954","2022-11-22","Salisbury Island","Eastern Recherche","49.1",0,5,1,0,0,7,0,0,0,0,0,17,30,"MBH"
"2022-11_Salisbury_stereo-BRUVs","SAL-BV-D06","-34.35493861","123.5661515","2022-11-22","Salisbury Island","Eastern Recherche","41.6",0,0,1,0,0,32,0,0,0,0,0,0,33,"MBH"
"2022-11_Salisbury_stereo-BRUVs","SAL-BV-D07","-34.34974407","123.5619386","2022-11-22","Salisbury Island","Eastern Recherche","32.3",0,0,1,0,0,28,0,0,0,1,0,0,30,"MBH"
"2022-11_Salisbury_stereo-BRUVs","SAL-BV-D08","-34.34624401","123.561841","2022-11-22","Salisbury Island","Eastern Recherche","33.7",0,0,0,0,0,27,0,0,0,0,0,11,38,"MBH"
"2022-12_Bremer_stereo-BOSS","Br103","-34.3329624028696","119.817516137129","2022-12-08","Bremer","South-west Corner","62",0,7,0,0,0,1,0,0,0,5,0,68,81,"MBH"
"2022-12_Bremer_stereo-BOSS","Br167","-34.3388287573362","119.800987310174","2022-12-08","Bremer","South-west Corner","63",0,0,0,0,0,0,0,0,0,0,0,80,80,"MBH"
"2022-12_Bremer_stereo-BOSS","Br29","-34.3465343030579","119.767815843312","2022-12-08","Bremer","South-west Corner","63",0,5,0,0,0,0,0,0,0,0,0,76,81,"MBH"
"2022-12_Bremer_stereo-BOSS","Br158","-34.3378428001911","119.729944835549","2022-12-08","Bremer","South-west Corner","64",0,4,0,0,0,0,0,0,0,2,0,73,79,"MBH"
"2022-12_Bremer_stereo-BOSS","Br94","-34.3476744436718","119.690210194575","2022-12-08","Bremer","South-west Corner","62",0,5,0,0,0,0,0,0,0,4,0,71,80,"MBH"
"2022-12_Bremer_stereo-BOSS","Br72","-34.3251449708359","119.741017574844","2022-12-09","Bremer","South-west Corner","60",0,0,0,0,0,54,0,0,0,7,0,19,80,"MBH"
"2022-12_Bremer_stereo-BOSS","Br10","-34.313884114864","119.70424255305","2022-12-09","Bremer","South-west Corner","58",0,31,0,0,1,4,0,0,0,0,0,44,80,"MBH"
"2022-12_Bremer_stereo-BOSS","Br136","-34.310604427639","119.730348360571","2022-12-09","Bremer","South-west Corner","60",0,20,0,0,0,1,0,0,0,0,0,59,80,"MBH"
"2022-12_Bremer_stereo-BOSS","Br106","-34.3022179671584","119.722070329532","2022-12-09","Bremer","South-west Corner","59",0,17,0,0,1,0,0,0,0,0,0,62,80,"MBH"
"2022-12_Bremer_stereo-BOSS","Br60","-34.293258164326","119.681422591497","2022-12-09","Bremer","South-west Corner","55",0,1,0,0,0,0,0,0,0,0,0,79,80,"MBH"
"2022-12_Bremer_stereo-BOSS","Br22","-34.2621875313049","119.734458306608","2022-12-09","Bremer","South-west Corner","58",0,0,0,0,0,0,0,0,0,0,0,80,80,"MBH"
"2022-12_Bremer_stereo-BOSS","Brc1","-34.2594983347289","119.724040955686","2022-12-09","Bremer","South-west Corner","57",0,0,0,0,0,1,0,0,0,0,0,79,80,"Captain's pick"
"2022-12_Bremer_stereo-BOSS","Br151","-34.2533402803146","119.696057388048","2022-12-09","Bremer","South-west Corner","55",0,0,0,0,0,1,0,0,0,0,0,79,80,"MBH"
"2022-12_Bremer_stereo-BOSS","Br65","-34.2444787836157","119.710235659874","2022-12-09","Bremer","South-west Corner","55",0,5,0,0,0,0,0,0,0,1,0,74,80,"MBH"
"2022-12_Bremer_stereo-BOSS","Br56","-34.2199823986591","119.706746176611","2022-12-09","Bremer","South-west Corner","55",0,0,0,0,0,1,0,0,0,0,0,79,80,"MBH"
"2022-12_Bremer_stereo-BOSS","Br134","-34.2070935859023","119.692908857656","2022-12-09","Bremer","South-west Corner","50",0,2,0,0,0,0,0,0,0,0,0,78,80,"MBH"
"2022-12_Bremer_stereo-BOSS","Br184","-34.2059333331138","119.732121666383","2022-12-09","Bremer","South-west Corner","56",0,0,0,0,0,39,0,0,0,0,0,38,77,"MBH"
"2022-12_Bremer_stereo-BOSS","Br32","-34.1981086941825","119.761497730509","2022-12-09","Bremer","South-west Corner","55",0,0,0,0,0,0,0,0,0,0,0,80,80,"MBH"
"2022-12_Bremer_stereo-BOSS","Br13","-34.1676429934377","119.729724108703","2022-12-09","Bremer","South-west Corner","53",0,0,0,0,0,0,0,0,0,0,0,80,80,"MBH"
"2022-12_Bremer_stereo-BOSS","Br50","-34.17183333","119.6983333","2022-12-09","Bremer","South-west Corner","50",0,0,0,0,0,0,0,0,0,0,0,80,80,"MBH"
"2022-12_Bremer_stereo-BOSS","Brc2","-34.1715","119.7012","2022-12-09","Bremer","South-west Corner","41",0,0,0,0,1,61,0,0,0,1,8,8,79,"Captain's pick"
"2022-12_Bremer_stereo-BOSS","Br141","-34.1329","119.7227667","2022-12-09","Bremer","South-west Corner","45",0,0,0,0,0,36,0,0,0,0,0,42,78,"MBH"
"2022-12_Bremer_stereo-BOSS","Br191","-34.11723333","119.7101167","2022-12-09","Bremer","South-west Corner","40",0,0,0,0,0,33,0,0,0,0,0,47,80,"MBH"
"2022-12_Bremer_stereo-BOSS","Br175","-34.11728333","119.7628167","2022-12-09","Bremer","South-west Corner","50",0,0,0,0,20,30,0,0,0,6,0,0,56,"MBH"
"2022-12_Bremer_stereo-BOSS","Br59","-34.09998333","119.8070167","2022-12-09","Bremer","South-west Corner","52",0,0,0,0,0,0,0,0,0,0,0,80,80,"MBH"
"2022-12_Bremer_stereo-BOSS","Brc3","-34.0974962087614","119.799694815042","2022-12-09","Bremer","South-west Corner","48",0,0,0,0,0,78,0,0,0,2,0,0,80,"Captain's pick"
"2022-12_Bremer_stereo-BOSS","Br145","-34.13331667","119.817549580508","2022-12-09","Bremer","South-west Corner","55",0,0,0,0,0,0,0,0,0,0,0,80,80,"MBH"
"2022-12_Bremer_stereo-BOSS","Br76","-34.13333333","119.782","2022-12-09","Bremer","South-west Corner","54",0,0,0,0,0,55,0,0,0,0,0,25,80,"MBH"
"2022-12_Bremer_stereo-BOSS","Br171","-34.15","119.797","2022-12-09","Bremer","South-west Corner","55",0,17,0,0,0,8,0,0,0,1,0,55,81,"MBH"
"2022-12_Bremer_stereo-BOSS","Br4","-34.17711667","119.8010167","2022-12-09","Bremer","South-west Corner","56",0,0,0,0,0,0,0,0,0,0,0,80,80,"MBH"
"2022-12_Bremer_stereo-BOSS","Br160","-34.1836","119.783","2022-12-09","Bremer","South-west Corner","56",0,1,0,0,0,1,0,0,0,0,0,78,80,"MBH"
"2022-12_Bremer_stereo-BOSS","Br128","-34.1982734838003","119.823821649263","2022-12-09","Bremer","South-west Corner","57",0,1,0,0,0,0,0,0,0,0,0,79,80,"MBH"
"2022-12_Bremer_stereo-BOSS","Br87","-34.2182626094823","119.800388881278","2022-12-09","Bremer","South-west Corner","57",0,0,0,0,0,34,0,0,0,1,0,45,80,"MBH"
"2022-12_Bremer_stereo-BOSS","Br2","-34.2392497845077","119.77250961613","2022-12-09","Bremer","South-west Corner","58",0,0,0,0,2,7,0,0,0,0,0,71,80,"MBH"
"2022-12_Bremer_stereo-BOSS","Br55","-34.2616253795019","119.811793319","2022-12-09","Bremer","South-west Corner","59",0,1,0,0,0,0,0,0,0,0,0,79,80,"MBH"
"2022-12_Bremer_stereo-BOSS","Br85","-34.2766751470128","119.767215006032","2022-12-09","Bremer","South-west Corner","59",0,0,0,0,0,0,0,0,0,0,0,80,80,"MBH"
"2022-12_Bremer_stereo-BOSS","Br169","-34.2890866578203","119.758901762831","2022-12-09","Bremer","South-west Corner","60",0,0,0,0,6,2,0,0,0,0,0,72,80,"MBH"
"2022-12_Bremer_stereo-BOSS","Br140","-34.2970299999112","119.812877464275","2022-12-09","Bremer","South-west Corner","60",0,0,0,0,2,5,0,0,0,3,0,72,82,"MBH"
"2022-12_Bremer_stereo-BOSS","Br12","-34.3082607531674","119.788432771072","2022-12-09","Bremer","South-west Corner","62",0,1,0,2,7,11,0,0,0,0,0,59,80,"MBH"
"2022-12_Bremer_stereo-BOSS","Br39","-34.3188459447849","119.783933961417","2022-12-09","Bremer","South-west Corner","63",0,7,0,0,0,0,0,0,0,6,0,67,80,"MBH"
"2022-12_Bremer_stereo-BOSS","Br199","-34.3223348144971","119.763147246678","2022-12-09","Bremer","South-west Corner","63",0,1,0,0,15,5,0,0,0,4,0,55,80,"MBH"
"2022-12_Bremer_stereo-BOSS","Br180","-34.3634072367835","119.691441449758","2022-12-10","Bremer","South-west Corner","65",0,15,0,0,5,0,1,0,0,6,0,53,80,"MBH"
"2022-12_Bremer_stereo-BOSS","Br52","-34.3705098996842","119.706311899562","2022-12-10","Bremer","South-west Corner","66",0,13,0,0,14,0,0,0,0,2,0,51,80,"MBH"
"2022-12_Bremer_stereo-BOSS","Br124","-34.355870718939","119.779111557036","2022-12-10","Bremer","South-west Corner","65",0,14,0,0,0,0,0,0,0,0,0,66,80,"MBH"
"2022-12_Bremer_stereo-BOSS","Br83","-34.37449288551","119.809105159021","2022-12-10","Bremer","South-west Corner","63",0,3,0,0,0,0,0,0,0,0,0,77,80,"MBH"
"2022-12_Bremer_stereo-BOSS","Br19","-34.3908982418555","119.820608756377","2022-12-10","Bremer","South-west Corner","64",0,3,0,0,0,0,0,0,0,0,0,77,80,"MBH"
"2022-12_Bremer_stereo-BOSS","Br44","-34.4020743930788","119.811915371301","2022-12-10","Bremer","South-west Corner","64",0,4,0,0,3,0,0,0,0,2,0,71,80,"MBH"
"2022-12_Bremer_stereo-BOSS","Br109","-34.4103168087618","119.785205540176","2022-12-10","Bremer","South-west Corner","63",0,0,0,0,0,0,0,0,0,0,0,80,80,"MBH"
"2022-12_Bremer_stereo-BOSS","Br68","-34.4261359561592","119.780015756286","2022-12-10","Bremer","South-west Corner","69",0,7,0,0,0,0,1,0,0,0,0,72,80,"MBH"
"2022-12_Bremer_stereo-BOSS","Br173","-34.4231728560822","119.835276354013","2022-12-10","Bremer","South-west Corner","66",0,6,0,0,3,0,0,0,0,0,0,71,80,"MBH"
"2022-12_Bremer_stereo-BOSS","Br130","-34.4372450042485","119.81749310702","2022-12-10","Bremer","South-west Corner","67",0,8,0,0,4,0,2,0,0,6,0,60,80,"MBH"
"2022-12_Bremer_stereo-BOSS","Br195","-34.4461991569242","119.796362416579","2022-12-10","Bremer","South-west Corner","68",0,5,0,0,2,0,0,0,0,2,0,71,80,"MBH"
"2022-12_Bremer_stereo-BOSS","Br6","-34.4466360211501","119.82446059128","2022-12-10","Bremer","South-west Corner","70",0,5,0,0,2,0,0,0,0,1,0,72,80,"MBH"
"2022-12_Bremer_stereo-BOSS","Br89","-34.4584521465066","119.8400603635","2022-12-10","Bremer","South-west Corner","71",0,5,0,0,0,0,0,0,0,0,0,75,80,"MBH"
"2022-12_Bremer_stereo-BOSS","Br49","-34.4833511538368","119.846116947079","2022-12-10","Bremer","South-west Corner","76",0,6,0,0,0,0,0,0,0,0,0,74,80,"MBH"
"2022-12_Bremer_stereo-BOSS","Br138","-34.4888140615886","119.848884375297","2022-12-10","Bremer","South-west Corner","75",0,1,0,0,9,0,0,0,0,3,0,67,80,"MBH"
"2022-12_Bremer_stereo-BOSS","Br179","-34.5010567190076","119.834008301142","2022-12-10","Bremer","South-west Corner","77",0,6,0,0,0,0,0,0,0,11,0,63,80,"MBH"
"2022-12_Bremer_stereo-BOSS","Br95","-34.5332807903815","119.859110969866","2022-12-10","Bremer","South-west Corner","80",0,0,0,0,0,0,0,0,0,0,0,80,80,"MBH"
"2022-12_Bremer_stereo-BOSS","Br181","-34.5452829206164","119.874011409027","2022-12-10","Bremer","South-west Corner","79",0,0,0,0,0,0,0,0,0,0,0,80,80,"MBH"
"2022-12_Bremer_stereo-BOSS","Br116","-34.562510730436","119.887676283787","2022-12-10","Bremer","South-west Corner","78",0,1,0,0,0,0,0,0,0,0,0,79,80,"MBH"
"2022-12_Bremer_stereo-BOSS","Br146","-34.5724448949401","119.88030273856","2022-12-10","Bremer","South-west Corner","76",0,3,0,1,14,0,2,0,0,9,0,51,80,"MBH"
"2022-12_Bremer_stereo-BOSS","Br16","-34.5883441187449","119.906803811095","2022-12-10","Bremer","South-west Corner","84",0,3,1,0,26,0,5,0,0,3,0,41,79,"MBH"
"2022-12_Bremer_stereo-BOSS","Brc4","-34.5990264894648","119.891537884275","2022-12-10","Bremer","South-west Corner","92",0,2,0,0,7,0,0,0,0,0,0,71,80,"Captain's pick"
"2022-12_Bremer_stereo-BOSS","Br36","-34.6110674075239","119.851773068892","2022-12-10","Bremer","South-west Corner","101",0,0,1,0,1,0,0,0,0,0,0,78,80,"MBH"
"2022-12_Bremer_stereo-BOSS","Br164","-34.5964365589966","119.843863518698","2022-12-10","Bremer","South-west Corner","81",0,5,2,0,23,0,9,0,0,9,0,27,75,"MBH"
"2022-12_Bremer_stereo-BOSS","Br80","-34.5921017180098","119.828194044398","2022-12-10","Bremer","South-west Corner","79",0,1,0,0,3,0,0,0,0,1,0,75,80,"MBH"
"2022-12_Bremer_stereo-BOSS","Br119","-34.569525912201","119.817887259919","2022-12-10","Bremer","South-west Corner","80",0,3,0,0,5,0,4,0,0,0,0,69,81,"MBH"
"2022-12_Bremer_stereo-BOSS","Br93","-34.5580582088666","119.810141849893","2022-12-10","Bremer","South-west Corner","79",0,3,0,0,0,0,0,0,0,0,0,77,80,"MBH"
"2022-12_Bremer_stereo-BOSS","Br53","-34.5481493151156","119.847112190583","2022-12-10","Bremer","South-west Corner","80",0,2,0,0,3,0,1,0,0,2,0,72,80,"MBH"
"2022-12_Bremer_stereo-BOSS","Br9","-34.521441438227","119.82494045244","2022-12-10","Bremer","South-west Corner","80",0,1,0,0,0,0,0,0,0,0,0,79,80,"MBH"
"2022-12_Bremer_stereo-BOSS","Br51","-34.5041555069812","119.810971524907","2022-12-10","Bremer","South-west Corner","75",0,9,0,0,0,0,0,0,0,0,0,71,80,"MBH"
"2022-12_Bremer_stereo-BOSS","Br113","-34.4851831304876","119.783636358546","2022-12-10","Bremer","South-west Corner","73",0,7,0,0,0,0,0,0,0,3,0,71,81,"MBH"
"2022-12_Bremer_stereo-BOSS","Br25","-34.4698655729071","119.789992040691","2022-12-10","Bremer","South-west Corner","72",0,6,0,0,9,0,4,0,0,4,0,57,80,"MBH"
"2022-12_Bremer_stereo-BOSS","Br154","-34.4587829523475","119.759204539997","2022-12-10","Bremer","South-west Corner","70",0,7,0,0,1,0,0,0,0,0,0,72,80,"MBH"
"2022-12_Bremer_stereo-BOSS","Br15","-34.405732444186","119.736855238161","2022-12-10","Bremer","South-west Corner","61",0,4,0,0,0,0,0,0,0,0,0,76,80,"MBH"
"2022-12_Bremer_stereo-BOSS","Br144","-34.3938417076597","119.758577049703","2022-12-10","Bremer","South-west Corner","61",0,2,0,0,0,0,0,0,0,0,0,78,80,"MBH"
"2022-12_Bremer_stereo-BOSS","Br114","-34.3857559263699","119.74889797291","2022-12-10","Bremer","South-west Corner","59",0,8,0,0,0,0,0,0,0,1,0,68,77,"MBH"
"2022-12_Bremer_stereo-BOSS","Br115","-34.4176194959879","119.669247956216","2022-12-11","Bremer","South-west Corner","62",0,0,0,1,2,8,0,0,0,5,0,65,81,"MBH"
"2022-12_Bremer_stereo-BOSS","Br163","-34.4124600993139","119.694286227413","2022-12-11","Bremer","South-west Corner","63",0,2,0,0,0,1,0,0,0,0,0,77,80,"MBH"
"2022-12_Bremer_stereo-BOSS","Br79","-34.4112596749505","119.710138309447","2022-12-11","Bremer","South-west Corner","62",0,6,0,0,0,0,0,0,0,0,0,74,80,"MBH"
"2022-12_Bremer_stereo-BOSS","Br100","-34.4418680807842","119.718920569346","2022-12-11","Bremer","South-west Corner","66",0,6,0,0,0,0,0,0,0,0,0,74,80,"MBH"
"2022-12_Bremer_stereo-BOSS","Br186","-34.4479563955466","119.728149617132","2022-12-11","Bremer","South-west Corner","67",0,3,0,0,0,0,0,0,0,0,0,77,80,"MBH"
"2022-12_Bremer_stereo-BOSS","Br58","-34.4620898261965","119.732018471516","2022-12-11","Bremer","South-west Corner","70",0,18,0,0,1,1,4,0,0,2,0,54,80,"MBH"
"2022-12_Bremer_stereo-BOSS","Br18","-34.4733422638115","119.707848849639","2022-12-11","Bremer","South-west Corner","70",0,9,0,0,0,0,0,0,0,0,0,71,80,"MBH"
"2022-12_Bremer_stereo-BOSS","Br82","-34.4801024120405","119.694311729686","2022-12-11","Bremer","South-west Corner","72",0,15,0,0,0,0,0,0,0,0,0,65,80,"MBH"
"2022-12_Bremer_stereo-BOSS","Br148","-34.4942249858408","119.731314373793","2022-12-11","Bremer","South-west Corner","74",0,23,0,0,0,0,0,0,0,0,0,57,80,"MBH"
"2022-12_Bremer_stereo-BOSS","Br102","-34.5093765542567","119.719146343825","2022-12-11","Bremer","South-west Corner","77",0,25,0,0,0,0,0,0,0,0,0,55,80,"MBH"
"2022-12_Bremer_stereo-BOSS","Br198","-34.5220409762542","119.770604736773","2022-12-11","Bremer","South-west Corner","78",0,3,0,0,0,0,0,0,0,0,0,77,80,"MBH"
"2022-12_Bremer_stereo-BOSS","Br71","-34.5251043938072","119.746131861622","2022-12-11","Bremer","South-west Corner","79",0,25,0,0,0,0,0,0,0,0,0,55,80,"MBH"
"2022-12_Bremer_stereo-BOSS","Br157","-34.5374261036544","119.76090489632","2022-12-11","Bremer","South-west Corner","78",0,1,0,3,10,7,2,0,0,9,0,48,80,"MBH"
"2022-12_Bremer_stereo-BOSS","Br28","-34.544250484408","119.776433102456","2022-12-11","Bremer","South-west Corner","79",0,1,0,0,2,1,0,0,0,0,0,76,80,"MBH"
"2022-12_Bremer_stereo-BOSS","Br88","-34.5716048332579","119.724212373107","2022-12-11","Bremer","South-west Corner","79",0,0,0,0,1,1,0,0,0,3,0,75,80,"MBH"
"2022-12_Bremer_stereo-BOSS","Br185","-34.5734026501147","119.742756915354","2022-12-11","Bremer","South-west Corner","78",0,0,1,0,3,2,1,0,0,3,0,70,80,"MBH"
"2022-12_Bremer_stereo-BOSS","Br57","-34.5821674197005","119.781022039185","2022-12-11","Bremer","South-west Corner","79",0,0,0,0,8,7,3,0,0,2,0,60,80,"MBH"
"2022-12_Bremer_stereo-BOSS","Br143","-34.5913994066554","119.76348563396","2022-12-11","Bremer","South-west Corner","79",0,0,0,0,0,0,0,0,0,0,0,80,80,"MBH"
"2022-12_Bremer_stereo-BOSS","Br14","-34.5953233043522","119.746079326348","2022-12-11","Bremer","South-west Corner","79",0,0,1,1,3,7,2,0,0,0,0,66,80,"MBH"
"2022-12_Bremer_stereo-BOSS","Br78","-34.6093227879582","119.78416910712","2022-12-11","Bremer","South-west Corner","83",0,9,0,0,7,0,0,0,0,8,0,56,80,"MBH"
"2022-12_Bremer_stereo-BOSS","Br162","-34.6215541290454","119.797715026072","2022-12-11","Bremer","South-west Corner","95",0,2,1,0,2,0,0,0,0,0,0,75,80,"MBH"
"2022-12_Bremer_stereo-BOSS","Br34","-34.6271261136249","119.803776623149","2022-12-11","Bremer","South-west Corner","113",0,0,1,0,11,0,0,0,0,0,0,68,80,"MBH"
"2022-12_Bremer_stereo-BOSS","Br99","-34.6327559686241","119.745178415831","2022-12-11","Bremer","South-west Corner","91",0,4,0,0,42,0,0,0,0,34,0,0,80,"MBH"
"2022-12_Bremer_stereo-BOSS","Br5","-34.6337327878055","119.72788966535","2022-12-11","Bremer","South-west Corner","85",0,5,1,0,2,0,3,0,0,0,0,69,80,"MBH"
"2022-12_Bremer_stereo-BOSS","Br31","-34.6400464745522","119.707930290005","2022-12-11","Bremer","South-west Corner","84",0,0,0,0,0,0,0,0,0,0,0,80,80,"MBH"
"2022-12_Bremer_stereo-BOSS","Br54","-34.6664022910651","119.675172640163","2022-12-11","Bremer","South-west Corner","97",0,0,0,1,52,0,3,0,0,10,0,11,77,"MBH"
"2022-12_Bremer_stereo-BOSS","Brc5","-34.6680916657296","119.674065695645","2022-12-11","Bremer","South-west Corner","125",0,0,0,0,5,1,0,0,0,0,0,74,80,"Captain's pick"
"2022-12_Bremer_stereo-BOSS","Br182","-34.6821025168636","119.639435757325","2022-12-11","Bremer","South-west Corner","153",0,0,0,0,0,0,0,0,0,2,0,78,80,"MBH"
"2022-12_Bremer_stereo-BOSS","Br132","-34.6742975390397","119.605830358366","2022-12-11","Bremer","South-west Corner","84",0,13,0,0,10,0,1,0,0,7,0,49,80,"MBH"
"2022-12_Bremer_stereo-BOSS","Br7","-34.6555846390663","119.620914820108","2022-12-11","Bremer","South-west Corner","80",0,0,0,0,8,9,1,0,0,11,0,48,77,"MBH"
"2022-12_Bremer_stereo-BOSS","Br96","-34.6461940521404","119.661652652878","2022-12-11","Bremer","South-west Corner","80",0,0,1,0,16,9,8,0,0,7,0,39,80,"MBH"
"2022-12_Bremer_stereo-BOSS","Br194","-34.6311589072168","119.673354644962","2022-12-11","Bremer","South-west Corner","81",0,7,0,1,11,0,3,0,0,2,0,56,80,"MBH"
"2022-12_Bremer_stereo-BOSS","Br129","-34.6248916504173","119.690124933675","2022-12-11","Bremer","South-west Corner","81",0,15,0,0,10,0,2,0,0,5,0,48,80,"MBH"
"2022-12_Bremer_stereo-BOSS","Br108","-34.5976647133409","119.687750954975","2022-12-11","Bremer","South-west Corner","80",0,0,1,0,3,3,0,0,0,2,0,71,80,"MBH"
"2022-12_Bremer_stereo-BOSS","Br43","-34.5882775231648","119.705014886802","2022-12-11","Bremer","South-west Corner","81",0,6,0,0,0,0,0,0,0,0,0,74,80,"MBH"
"2022-12_Bremer_stereo-BOSS","Br24","-34.5590542324286","119.676617236242","2022-12-11","Bremer","South-west Corner","80",0,3,0,0,0,0,0,0,0,0,0,77,80,"MBH"
"2022-12_Bremer_stereo-BOSS","Br188","-34.5456325578168","119.707330064478","2022-12-11","Bremer","South-west Corner","79",0,0,1,0,8,3,0,0,0,3,0,65,80,"MBH"
"2022-12_Bremer_stereo-BOSS","Br35","-34.429394539555","119.675254264683","2022-12-12","Bremer","South-west Corner","66",0,8,0,0,0,0,0,0,0,0,0,72,80,"MBH"
"2022-12_Bremer_stereo-BOSS","Br137","-34.4416517445583","119.605887179503","2022-12-12","Bremer","South-west Corner","63",0,13,0,0,1,0,0,0,0,2,0,64,80,"MBH"
"2022-12_Bremer_stereo-BOSS","Br161","-34.4654408581226","119.628053109139","2022-12-12","Bremer","South-west Corner","65",0,1,0,0,0,0,0,0,0,0,0,79,80,"MBH"
"2022-12_Bremer_stereo-BOSS","Br200","-34.454552772313","119.65221738604","2022-12-12","Bremer","South-west Corner","67",0,14,0,2,0,0,0,0,0,0,0,64,80,"MBH"
"2022-12_Bremer_stereo-BOSS","Br120","-34.4652668760977","119.68285623891","2022-12-12","Bremer","South-west Corner","68",0,15,0,0,0,0,0,0,0,0,0,65,80,"MBH"
"2022-12_Bremer_stereo-BOSS","Br33","-34.4815512741786","119.655410013831","2022-12-12","Bremer","South-west Corner","67",0,4,0,0,1,0,1,0,0,1,0,74,81,"MBH"
"2022-12_Bremer_stereo-BOSS","Br38","-34.4940839380882","119.676528646186","2022-12-12","Bremer","South-west Corner","73",0,6,0,0,0,0,0,0,0,0,0,74,80,"MBH"
"2022-12_Bremer_stereo-BOSS","Br166","-34.5172198368688","119.69252826842","2022-12-12","Bremer","South-west Corner","75",0,21,0,0,0,0,0,0,0,0,0,59,80,"MBH"
"2022-12_Bremer_stereo-BOSS","Br118","-34.5172664203332","119.637858398331","2022-12-12","Bremer","South-west Corner","74",0,3,0,0,3,0,0,0,0,2,0,72,80,"MBH"
"2022-12_Bremer_stereo-BOSS","Br123","-34.5328838864651","119.657107317678","2022-12-12","Bremer","South-west Corner","77",0,7,0,0,0,0,0,0,0,0,0,73,80,"MBH"
"2022-12_Bremer_stereo-BOSS","Br77","-34.5357931821558","119.630707008271","2022-12-12","Bremer","South-west Corner","74",0,11,0,0,7,0,0,0,0,4,0,58,80,"MBH"
"2022-12_Bremer_stereo-BOSS","Br142","-34.5440230290106","119.603935669498","2022-12-12","Bremer","South-west Corner","74",0,6,0,0,2,0,0,0,0,14,0,58,80,"MBH"
"2022-12_Bremer_stereo-BOSS","Br104","-34.5681684363543","119.610963631937","2022-12-12","Bremer","South-west Corner","79",0,15,0,0,0,0,0,0,0,0,0,65,80,"MBH"
"2022-12_Bremer_stereo-BOSS","Br189","-34.5804088090696","119.621291620251","2022-12-12","Bremer","South-west Corner","78",0,11,0,0,0,0,0,0,0,0,0,69,80,"MBH"
"2022-12_Bremer_stereo-BOSS","Br63","-34.5873660228758","119.637229134763","2022-12-12","Bremer","South-west Corner","79",0,18,0,0,0,0,0,0,0,0,0,62,80,"MBH"
"2022-12_Bremer_stereo-BOSS","Br153","-34.5736000714817","119.662306800678","2022-12-12","Bremer","South-west Corner","80",0,17,0,0,0,0,0,0,0,0,0,63,80,"MBH"
"2022-12_Bremer_stereo-BOSS","Br67","-34.6105114963673","119.652694634899","2022-12-12","Bremer","South-west Corner","80",0,0,0,0,0,0,0,0,0,0,0,80,80,"MBH"
"2022-12_Bremer_stereo-BOSS","Br20","-34.6068619903565","119.614955281529","2022-12-12","Bremer","South-west Corner","78",0,17,0,1,9,0,4,0,0,8,0,41,80,"MBH"
"2022-12_Bremer_stereo-BOSS","Br149","-34.6245131097376","119.631851711674","2022-12-12","Bremer","South-west Corner","81",0,8,0,0,0,0,0,0,0,0,0,72,80,"MBH"
"2022-12_Bremer_stereo-BOSS","Br176","-34.6347257786644","119.624184639233","2022-12-12","Bremer","South-west Corner","81",0,3,0,0,0,0,0,0,0,0,0,77,80,"MBH"
"2022-12_Bremer_stereo-BOSS","Br47","-34.6387527017683","119.607247996903","2022-12-12","Bremer","South-west Corner","79",0,3,0,0,0,0,7,0,0,0,0,70,80,"MBH"
"2022-12_Daw_stereo-BOSS","DAW-DC-018","-34.0846816668688","123.999923333588","2022-12-03","Daw Island","Eastern Recherche","75",0,0,0,0,0,0,0,0,0,1,0,60,61,"MBH"
"2022-12_Daw_stereo-BOSS","DAW-DC-029","-34.0582452152374","124.051373025454","2022-12-03","Daw Island","Eastern Recherche","74",0,0,0,0,0,0,0,0,0,0,0,81,81,"MBH"
"2022-12_Daw_stereo-BOSS","DAW-DC-062","-34.0594731384459","124.098459674545","2022-12-03","Daw Island","Eastern Recherche","75",0,0,1,0,16,0,0,0,0,0,0,60,77,"MBH"
"2022-12_Daw_stereo-BOSS","DAW-DC-061","-34.0659669971915","124.123556367677","2022-12-03","Daw Island","Eastern Recherche","71",0,0,0,0,0,0,0,0,0,0,0,80,80,"MBH"
"2022-12_Daw_stereo-BOSS","DAW-DC-032","-34.0326716670003","124.172026666648","2022-12-03","Daw Island","Eastern Recherche","73",0,0,0,0,0,0,0,0,0,0,0,80,80,"MBH"
"2022-12_Daw_stereo-BOSS","DAW-DC-091","-34.0170983334505","124.205191666538","2022-12-03","Daw Island","Eastern Recherche","73",0,0,0,0,0,1,0,0,0,0,0,79,80,"MBH"
"2022-12_Daw_stereo-BOSS","DAW-DC-C01","-34.0167933336117","124.265698332999","2022-12-03","Daw Island","Eastern Recherche","72",0,0,0,0,0,1,0,0,0,1,0,78,80,"Captain's pick"
"2022-12_Daw_stereo-BOSS","DAW-DC-077","-34.0160895577636","124.275568826407","2022-12-03","Daw Island","Eastern Recherche","70",0,0,0,0,0,0,0,0,0,0,0,80,80,"MBH"
"2022-12_Daw_stereo-BOSS","DAW-DC-C02","-34.0090949999084","124.265086666529","2022-12-03","Daw Island","Eastern Recherche","64",0,0,0,0,10,1,8,0,0,4,0,57,80,"Captain's pick"
"2022-12_Daw_stereo-BOSS","DAW-DC-046","-34.0000907235716","124.24896606009","2022-12-03","Daw Island","Eastern Recherche","70",0,0,0,0,0,0,0,0,0,0,0,79,79,"MBH"
"2022-12_Daw_stereo-BOSS","DAW-DC-006","-33.9957127855054","124.25627645555","2022-12-03","Daw Island","Eastern Recherche","70",0,0,0,0,0,0,0,0,0,0,0,80,80,"MBH"
"2022-12_Daw_stereo-BOSS","DAW-DC-051","-33.9866683186781","124.198629905478","2022-12-03","Daw Island","Eastern Recherche","74",0,0,0,0,0,0,0,0,0,0,0,75,75,"MBH"
"2022-12_Daw_stereo-BOSS","DAW-DC-002","-33.9997836131183","124.167551679415","2022-12-03","Daw Island","Eastern Recherche","73",0,0,0,0,0,0,0,0,0,0,0,80,80,"MBH"
"2022-12_Daw_stereo-BOSS","DAW-DC-057","-34.0166216667573","124.083529999714","2022-12-03","Daw Island","Eastern Recherche","72",0,0,0,0,0,1,0,0,0,0,0,79,80,"MBH"
"2022-12_Daw_stereo-BOSS","DAW-DC-C03","-34.0258374592273","124.060791900734","2022-12-03","Daw Island","Eastern Recherche","73",0,0,0,0,0,1,0,0,0,0,0,79,80,"Captain's pick"
"2022-12_Daw_stereo-BOSS","DAW-DC-087","-34.0330666663356","124.033160000174","2022-12-03","Daw Island","Eastern Recherche","73",0,0,0,0,0,0,0,0,0,0,0,80,80,"MBH"
"2022-12_Daw_stereo-BOSS","DAW-DC-013","-33.99012101919","123.999951132853","2022-12-03","Daw Island","Eastern Recherche","67",0,0,0,0,0,0,0,0,0,0,0,79,79,"MBH"
"2022-12_Daw_stereo-BOSS","DAW-DC-063","-33.9644693437808","123.997533276842","2022-12-03","Daw Island","Eastern Recherche","63",0,0,0,0,0,1,0,0,0,0,0,80,81,"MBH"
"2022-12_Daw_stereo-BOSS","DAW-DC-034","-33.9374777937779","124.016249417071","2022-12-03","Daw Island","Eastern Recherche","63",0,1,0,0,16,1,0,0,0,1,0,61,80,"MBH"
"2022-12_Daw_stereo-BOSS","DAW-DC-093","-33.921049999799","124.000205000346","2022-12-03","Daw Island","Eastern Recherche","65",0,0,0,0,0,0,0,0,0,0,0,78,78,"MBH"
"2022-12_Daw_stereo-BOSS","DAW-DC-007","-33.8914426292059","124.049905654387","2022-12-03","Daw Island","Eastern Recherche","62",0,0,0,0,0,0,0,0,0,0,0,80,80,"MBH"
"2022-12_Daw_stereo-BOSS","DAW-DC-CO4","-33.8507033333538","124.131671667105","2022-12-05","Daw Island","Eastern Recherche","18.4",0,0,0,0,0,19,0,0,61,0,0,0,80,"Captain's pick"
"2022-12_Daw_stereo-BOSS","DAW-DC-026","-33.8266615129175","124.13368233746","2022-12-05","Daw Island","Eastern Recherche","42",0,0,0,0,0,77,0,0,0,0,0,3,80,"MBH"
"2022-12_Daw_stereo-BOSS","DAW-DC-084","-33.7729377834703","124.117584417076","2022-12-05","Daw Island","Eastern Recherche","49",0,0,0,0,0,4,0,0,0,0,0,75,79,"MBH"
"2022-12_Daw_stereo-BOSS","DAW-DC-088","-33.7536498536582","124.172659183016","2022-12-05","Daw Island","Eastern Recherche","44",0,0,0,0,0,78,0,0,0,0,0,0,78,"MBH"
"2022-12_Daw_stereo-BOSS","DAW-DC-CO5","-33.7484771112153","124.15781398755","2022-12-05","Daw Island","Eastern Recherche","43",0,0,0,0,0,2,0,0,0,0,0,78,80,"Captain's pick"
"2022-12_Daw_stereo-BOSS","DAW-DC-048","-33.7450516408913","124.150246761056","2022-12-05","Daw Island","Eastern Recherche","45",0,0,0,0,0,4,0,0,0,0,0,76,80,"MBH"
"2022-12_Daw_stereo-BOSS","DAW-DC-CO6","-33.7299129444181","124.103093113814","2022-12-05","Daw Island","Eastern Recherche","21",0,0,0,0,0,42,0,0,30,0,0,3,75,"Captain's pick"
"2022-12_Daw_stereo-BOSS","DAW-DC-055","-33.7432269100767","124.083887395348","2022-12-05","Daw Island","Eastern Recherche","38",0,0,0,0,0,0,0,0,0,0,0,77,77,"MBH"
"2022-12_Daw_stereo-BOSS","DAW-DC-100","-33.7622791955509","124.050548666671","2022-12-05","Daw Island","Eastern Recherche","32",0,0,0,0,0,6,0,0,0,0,0,74,80,"MBH"
"2022-12_Daw_stereo-BOSS","DAW-DC-009","-33.7493183330646","124.015799999816","2022-12-05","Daw Island","Eastern Recherche","42",0,0,0,0,0,26,0,0,0,0,0,54,80,"MBH"
"2022-12_Daw_stereo-BOSS","DAW-DC-059","-33.726266449664","124.034091898975","2022-12-05","Daw Island","Eastern Recherche","38",0,0,0,0,0,31,0,0,0,0,0,48,79,"MBH"
"2022-12_Daw_stereo-BOSS","DAW-DC-075","-33.6894610698313","124.083877782476","2022-12-05","Daw Island","Eastern Recherche","25",0,0,0,0,0,53,0,0,0,0,0,15,68,"MBH"
"2022-12_Daw_stereo-BOSS","DAW-DC-089","-33.6792438865999","124.016423301266","2022-12-05","Daw Island","Eastern Recherche","32",0,0,0,0,0,69,0,0,0,0,0,11,80,"MBH"
"2022-12_Daw_stereo-BOSS","DAW-DC-049","-33.639536987713","124.00063529696","2022-12-05","Daw Island","Eastern Recherche","28",0,0,0,0,5,28,0,0,0,0,0,32,65,"MBH"
"2022-12_Daw_stereo-BOSS","DAW-DC-021","-33.6103920616743","124.066309343328","2022-12-05","Daw Island","Eastern Recherche","22",0,0,0,0,0,33,0,0,41,0,0,0,74,"MBH"
"2022-12_Daw_stereo-BOSS","DAW-DC-C07","-33.8447549659906","124.117945724873","2022-12-05","Daw Island","Eastern Recherche","44",0,0,0,0,5,47,0,0,0,8,0,0,60,"Captain's pick"
"2022-12_Daw_stereo-BOSS","DAW-DC-C08","-33.8534624308096","124.113047288884","2022-12-05","Daw Island","Eastern Recherche","45",0,0,0,0,10,47,0,0,0,2,0,0,59,"Captain's pick"
"2022-12_Daw_stereo-BOSS","DAW-DC-C09","-33.8640995436347","124.117211688098","2022-12-05","Daw Island","Eastern Recherche","50",0,0,0,0,33,3,0,0,0,24,0,0,60,"Captain's pick"
"2022-12_Daw_stereo-BOSS","DAW-DC-C10","-33.8418790411114","124.109553543114","2022-12-05","Daw Island","Eastern Recherche","51",0,0,0,0,0,0,0,0,0,0,0,59,59,"Captain's pick"
"2022-12_Daw_stereo-BOSS","DAW-DC-C11","-33.8345010382751","124.131219101255","2022-12-05","Daw Island","Eastern Recherche","38",0,0,0,0,0,56,0,0,0,1,0,0,57,"Captain's pick"
"2022-12_Daw_stereo-BOSS","DAW-DC-071","-33.8496644211383","124.202288272014","2022-12-05","Daw Island","Eastern Recherche","62",0,0,0,0,24,0,0,0,0,7,0,18,49,"MBH"
"2022-12_Daw_stereo-BOSS","DAW-DC-058","-33.8281436847517","124.200777295825","2022-12-05","Daw Island","Eastern Recherche","58",0,0,0,0,2,0,0,0,0,0,0,58,60,"MBH"
"2022-12_Daw_stereo-BOSS","DAW-DC-030","-33.7975787326009","124.180921261771","2022-12-06","Daw Island","Eastern Recherche","48",0,0,0,0,0,9,0,0,0,0,0,71,80,"MBH"
"2022-12_Daw_stereo-BOSS","DAW-DC-014","-33.8099230672025","124.253918159638","2022-12-06","Daw Island","Eastern Recherche","62",0,0,0,0,0,0,0,0,0,0,0,80,80,"MBH"
"2022-12_Daw_stereo-BOSS","DAW-DC-C12","-33.8356505695766","124.247475433437","2022-12-06","Daw Island","Eastern Recherche","50",0,0,0,0,41,20,0,0,0,17,0,0,78,"Captain's pick"
"2022-12_Daw_stereo-BOSS","DAW-DC-011","-33.8734406909784","124.229485492181","2022-12-06","Daw Island","Eastern Recherche","68",0,0,0,0,3,1,0,0,0,1,0,75,80,"MBH"
"2022-12_Daw_stereo-BOSS","DAW-DC-086","-33.8994315431662","124.268776787613","2022-12-06","Daw Island","Eastern Recherche","72",0,0,0,0,0,4,0,0,0,0,0,76,80,"MBH"
"2022-12_Daw_stereo-BOSS","DAW-DC-037","-33.9244208424777","124.275965294264","2022-12-06","Daw Island","Eastern Recherche","73",0,0,0,0,0,1,0,0,0,0,0,79,80,"MBH"
"2022-12_Daw_stereo-BOSS","DAW-DC-068","-33.9492182461536","124.244136786293","2022-12-06","Daw Island","Eastern Recherche","74",0,0,0,0,0,0,0,0,0,0,0,80,80,"MBH"
"2022-12_Daw_stereo-BOSS","DAW-DC-082","-33.9391741144698","124.174325272203","2022-12-06","Daw Island","Eastern Recherche","75",0,0,0,0,0,0,0,0,0,0,0,80,80,"MBH"
"2022-12_Daw_stereo-BOSS","DAW-DC-C13","-33.9192247431668","124.162603783085","2022-12-06","Daw Island","Eastern Recherche","59",0,0,0,0,13,0,0,0,0,9,0,49,71,"Captain's pick"
"2022-12_Daw_stereo-BOSS","DAW-DC-042","-33.8957199997123","124.149933333463","2022-12-06","Daw Island","Eastern Recherche","63",0,1,0,0,3,1,0,0,0,0,0,75,80,"MBH"
"2022-12_Daw_stereo-BOSS","DAW-DC-069","-33.8773029680771","124.083251325244","2022-12-06","Daw Island","Eastern Recherche","64",0,0,0,0,0,0,0,0,0,0,0,79,79,"MBH"
"2022-12_Daw_stereo-BOSS","DAW-DC-098","-33.9026359248549","124.10003246381","2022-12-06","Daw Island","Eastern Recherche","62",0,0,0,0,0,0,0,0,0,0,0,79,79,"MBH"
"2022-12_Daw_stereo-BOSS","DAW-DC-023","-33.9558465231965","124.133444888476","2022-12-06","Daw Island","Eastern Recherche","76",0,0,0,0,0,0,0,0,0,0,0,80,80,"MBH"
"2022-12_Daw_stereo-BOSS","DAW-DC-019","-33.9742260732266","124.083356822493","2022-12-06","Daw Island","Eastern Recherche","73",0,0,0,0,0,1,0,0,0,0,0,79,80,"MBH"
"2022-12_Daw_stereo-BOSS","DAW-DC-005","-34.083508574582","124.133629999815","2022-12-06","Daw Island","Eastern Recherche","74",0,0,0,0,0,0,0,0,0,0,0,80,80,"MBH"
"2022-12_Daw_stereo-BOSS","DAW-DC-097","-34.0830066663841","124.195848333286","2022-12-06","Daw Island","Eastern Recherche","75",0,0,0,0,4,0,0,0,0,0,0,76,80,"MBH"
"2022-12_Daw_stereo-BOSS","DAW-DC-050","-34.1060977043246","124.255190903512","2022-12-06","Daw Island","Eastern Recherche","75",0,0,0,0,6,0,1,0,0,9,0,64,80,"MBH"
"2022-12_Daw_stereo-BOSS","DAW-DC-081","-34.1169085343576","124.253311635125","2022-12-06","Daw Island","Eastern Recherche","75",0,0,0,0,10,0,0,0,0,5,0,65,80,"MBH"
"2022-12_Daw_stereo-BOSS","DAW-DC-022","-34.1459236099535","124.273256162217","2022-12-06","Daw Island","Eastern Recherche","77",0,2,0,0,12,0,1,0,0,1,0,64,80,"MBH"
"2022-12_Daw_stereo-BOSS","DAW-DC-060","-34.1934492782384","124.282734121489","2022-12-06","Daw Island","Eastern Recherche","83",0,0,0,0,0,0,0,0,0,0,0,80,80,"MBH"
"2022-12_Daw_stereo-BOSS","DAW-DC-C14","-34.1894000002509","124.267756667064","2022-12-06","Daw Island","Eastern Recherche","84",0,1,0,0,5,0,8,0,0,2,0,60,76,"Captain's pick"
"2022-12_Daw_stereo-BOSS","DAW-DC-C15","-34.178560655586","124.222144920515","2022-12-06","Daw Island","Eastern Recherche","78",0,0,0,0,16,1,0,0,0,12,0,51,80,"Captain's pick"
"2022-12_Daw_stereo-BOSS","DAW-DC-016","-34.1597166597715","124.168496573245","2022-12-06","Daw Island","Eastern Recherche","75",0,0,0,0,0,0,0,0,0,0,0,80,80,"MBH"
"2022-12_Daw_stereo-BOSS","DAW-DC-067","-34.1300654178246","124.107476713636","2022-12-06","Daw Island","Eastern Recherche","72",0,0,0,0,2,0,0,0,0,0,0,78,80,"MBH"
