Period,Date,Time,Location,Depth,Site,Status,IUCN,Latitude,Longitude,Camera.model,Primary.contact,Secondary.contact,Funder,Grant no. ,Observer,Successful.count,Successful.length,Ecosystem
Z_1,20220510,13:46,Zeehan AMP,137,Z_1,Fished,IUCN VI,-39.806933,143.20911,GoPro Hero10,neville.barrett@utas.edu.au,jacquomo.monk@utas.edu.au,Parks Australia,DMP-MPA-2122-038,LV,Y,Y,Mixed Rariphotic shelf reefs & Shelf unvegetated sediments
Z_2,20220512,8:21,Zeehan AMP,113,Z_2,Fished,IUCN VI,-39.851722,143.25981,GoPro Hero10,neville.barrett@utas.edu.au,jacquomo.monk@utas.edu.au,Parks Australia,DMP-MPA-2122-038,LV,Y,Y,Rariphotic shelf reefs
Z_3,20220508,15:13,Zeehan AMP,102,Z_3,Fished,IUCN VI,-39.80112,143.50556,GoPro Hero10,neville.barrett@utas.edu.au,jacquomo.monk@utas.edu.au,Parks Australia,DMP-MPA-2122-038,LV,Y,Y,Shelf unvegetated sediments
Z_4,20220511,16:24,Zeehan AMP,137,Z_4,Fished,IUCN VI,-39.876136,143.21289,GoPro Hero10,neville.barrett@utas.edu.au,jacquomo.monk@utas.edu.au,Parks Australia,DMP-MPA-2122-038,LV,Y,Y,Mixed Rariphotic shelf reefs & Shelf unvegetated sediments
Z_5,20220512,13:54,Zeehan AMP,198,Z_5,Fished,IUCN VI,-39.946082,143.23946,GoPro Hero10,neville.barrett@utas.edu.au,jacquomo.monk@utas.edu.au,Parks Australia,DMP-MPA-2122-038,LV,Y,Y,Mixed Rariphotic shelf reefs & Shelf unvegetated sediments
Z_6,20220508,10:56,Zeehan AMP,97,Z_6,Fished,IUCN VI,-39.81975,143.55017,GoPro Hero10,neville.barrett@utas.edu.au,jacquomo.monk@utas.edu.au,Parks Australia,DMP-MPA-2122-038,LV,Y,Y,Shelf unvegetated sediments
Z_7,20220513,7:46,Zeehan AMP,109,Z_7,Fished,IUCN VI,-39.883486,143.3066,GoPro Hero10,neville.barrett@utas.edu.au,jacquomo.monk@utas.edu.au,Parks Australia,DMP-MPA-2122-038,LV,Y,Y,Mixed Rariphotic shelf reefs & Shelf unvegetated sediments
Z_8,20220509,8:05,Zeehan AMP,102,Z_8,Fished,IUCN VI,-39.842437,143.44551,GoPro Hero10,neville.barrett@utas.edu.au,jacquomo.monk@utas.edu.au,Parks Australia,DMP-MPA-2122-038,LV,Y,Y,Mixed Rariphotic shelf reefs & Shelf unvegetated sediments
Z_9,20220509,14:42,Zeehan AMP,103,Z_9,Fished,IUCN VI,-39.936684,143.37979,GoPro Hero10,neville.barrett@utas.edu.au,jacquomo.monk@utas.edu.au,Parks Australia,DMP-MPA-2122-038,LV,Y,Y,Shelf unvegetated sediments
Z_10,20220506,10:14,Zeehan AMP,100,Z_10,Fished,IUCN VI,-39.807236,143.59914,GoPro Hero10,neville.barrett@utas.edu.au,jacquomo.monk@utas.edu.au,Parks Australia,DMP-MPA-2122-038,TD,Y,Y,Shelf unvegetated sediments
Z_11,20220511,15:45,Zeehan AMP,164,Z_11,Fished,IUCN VI,-39.865867,143.19359,GoPro Hero10,neville.barrett@utas.edu.au,jacquomo.monk@utas.edu.au,Parks Australia,DMP-MPA-2122-038,LV,Y,Y,Mixed Rariphotic shelf reefs & Shelf unvegetated sediments
Z_12,20220510,10:43,Zeehan AMP,112,Z_12,Fished,IUCN VI,-39.790254,143.25848,GoPro Hero10,neville.barrett@utas.edu.au,jacquomo.monk@utas.edu.au,Parks Australia,DMP-MPA-2122-038,LV,Y,Y,Shelf unvegetated sediments
Z_13,20220505,8:11,Zeehan AMP,107,Z_13,Fished,IUCN VI,-39.903678,143.6477,GoPro Hero10,neville.barrett@utas.edu.au,jacquomo.monk@utas.edu.au,Parks Australia,DMP-MPA-2122-038,TD,Y,Y,Shelf unvegetated sediments
Z_14,20220512,15:24,Zeehan AMP,119,Z_14,Fished,IUCN VI,-39.91149,143.26708,GoPro Hero10,neville.barrett@utas.edu.au,jacquomo.monk@utas.edu.au,Parks Australia,DMP-MPA-2122-038,LV,Y,Y,Shelf unvegetated sediments
Z_15,20220508,13:11,Zeehan AMP,101,Z_15,Fished,IUCN VI,-39.878399,143.52349,GoPro Hero10,neville.barrett@utas.edu.au,jacquomo.monk@utas.edu.au,Parks Australia,DMP-MPA-2122-038,LV,Y,Y,Shelf unvegetated sediments
Z_16,20220513,12:54,Zeehan AMP,107,Z_16,Fished,IUCN VI,-39.94352,143.32233,GoPro Hero10,neville.barrett@utas.edu.au,jacquomo.monk@utas.edu.au,Parks Australia,DMP-MPA-2122-038,AB,Y,Y,Mixed Rariphotic shelf reefs & Shelf unvegetated sediments
Z_17,20220512,17:16,Zeehan AMP,109,Z_17,Fished,IUCN VI,-39.877816,143.29545,GoPro Hero10,neville.barrett@utas.edu.au,jacquomo.monk@utas.edu.au,Parks Australia,DMP-MPA-2122-038,LV,Y,Y,Mixed Rariphotic shelf reefs & Shelf unvegetated sediments
Z_18,20220509,12:01,Zeehan AMP,104,Z_18,Fished,IUCN VI,-39.901763,143.4387,GoPro Hero10,neville.barrett@utas.edu.au,jacquomo.monk@utas.edu.au,Parks Australia,DMP-MPA-2122-038,LV,Y,Y,Shelf unvegetated sediments
Z_19,20220511,9:52,Zeehan AMP,102,Z_19,Fished,IUCN VI,-39.864153,143.36456,GoPro Hero10,neville.barrett@utas.edu.au,jacquomo.monk@utas.edu.au,Parks Australia,DMP-MPA-2122-038,LV,Y,Y,Mixed Rariphotic shelf reefs & Shelf unvegetated sediments
Z_20,20220506,9:39,Zeehan AMP,99,Z_20,Fished,IUCN VI,-39.829426,143.56966,GoPro Hero10,neville.barrett@utas.edu.au,jacquomo.monk@utas.edu.au,Parks Australia,DMP-MPA-2122-038,TD,Y,Y,Shelf unvegetated sediments
Z_21,20220511,13:05,Zeehan AMP,117,Z_21,Fished,IUCN VI,-39.838487,143.23494,GoPro Hero10,neville.barrett@utas.edu.au,jacquomo.monk@utas.edu.au,Parks Australia,DMP-MPA-2122-038,LV,Y,Y,Mixed Rariphotic shelf reefs & Shelf unvegetated sediments
Z_22,20220510,9:53,Zeehan AMP,107,Z_22,Fished,IUCN VI,-39.793693,143.32087,GoPro Hero10,neville.barrett@utas.edu.au,jacquomo.monk@utas.edu.au,Parks Australia,DMP-MPA-2122-038,LV,Y,Y,Shelf unvegetated sediments
Z_23,20220509,15:24,Zeehan AMP,104,Z_23,Fished,IUCN VI,-39.924996,143.37467,GoPro Hero10,neville.barrett@utas.edu.au,jacquomo.monk@utas.edu.au,Parks Australia,DMP-MPA-2122-038,LV,Y,Y,Shelf unvegetated sediments
Z_24,20220510,14:12,Zeehan AMP,125,Z_24,Fished,IUCN VI,-39.803717,143.22925,GoPro Hero10,neville.barrett@utas.edu.au,jacquomo.monk@utas.edu.au,Parks Australia,DMP-MPA-2122-038,LV,Y,Y,Mixed Rariphotic shelf reefs & Shelf unvegetated sediments
Z_25,20220513,11:25,Zeehan AMP,117,Z_25,Fished,IUCN VI,-39.935055,143.28288,GoPro Hero10,neville.barrett@utas.edu.au,jacquomo.monk@utas.edu.au,Parks Australia,DMP-MPA-2122-038,LV,Y,Y,Mixed Rariphotic shelf reefs & Shelf unvegetated sediments
Z_26,20220508,16:27,Zeehan AMP,103,Z_26,Fished,IUCN VI,-39.804417,143.45693,GoPro Hero10,neville.barrett@utas.edu.au,jacquomo.monk@utas.edu.au,Parks Australia,DMP-MPA-2122-038,LV,Y,Y,Shelf unvegetated sediments
Z_27,20220511,14:37,Zeehan AMP,172,Z_27,Fished,IUCN VI,-39.825616,143.19383,GoPro Hero10,neville.barrett@utas.edu.au,jacquomo.monk@utas.edu.au,Parks Australia,DMP-MPA-2122-038,LV,Y,Y,Mixed Rariphotic shelf reefs & Shelf unvegetated sediments
Z_28,20220508,13:53,Zeehan AMP,102,Z_28,Fished,IUCN VI,-39.854609,143.49618,GoPro Hero10,neville.barrett@utas.edu.au,jacquomo.monk@utas.edu.au,Parks Australia,DMP-MPA-2122-038,LV,Y,Y,Rariphotic shelf reefs
Z_29,20220513,14:02,Zeehan AMP,104,Z_29,Fished,IUCN VI,-39.921046,143.34072,GoPro Hero10,neville.barrett@utas.edu.au,jacquomo.monk@utas.edu.au,Parks Australia,DMP-MPA-2122-038,AB,Y,Y,Mixed Rariphotic shelf reefs & Shelf unvegetated sediments
Z_30,20220508,17:15,Zeehan AMP,106,Z_30,Fished,IUCN VI,-39.811285,143.42247,GoPro Hero10,neville.barrett@utas.edu.au,jacquomo.monk@utas.edu.au,Parks Australia,DMP-MPA-2122-038,LV,Y,Y,Shelf unvegetated sediments
Z_31,20220508,11:37,Zeehan AMP,100,Z_31,Fished,IUCN VI,-39.838482,143.53497,GoPro Hero10,neville.barrett@utas.edu.au,jacquomo.monk@utas.edu.au,Parks Australia,DMP-MPA-2122-038,LV,Y,Y,Shelf unvegetated sediments
Z_32,20220504,15:19,Zeehan AMP,102,Z_32,Fished,IUCN VI,-39.932182,143.63672,GoPro Hero10,neville.barrett@utas.edu.au,jacquomo.monk@utas.edu.au,Parks Australia,DMP-MPA-2122-038,TD,Y,Y,Shelf unvegetated sediments
Z_33,20220512,8:38,Zeehan AMP,115,Z_33,Fished,IUCN VI,-39.861781,143.24501,GoPro Hero10,neville.barrett@utas.edu.au,jacquomo.monk@utas.edu.au,Parks Australia,DMP-MPA-2122-038,LV,Y,Y,Mixed Rariphotic shelf reefs & Shelf unvegetated sediments
Z_34,20220505,13:18,Zeehan AMP,106,Z_34,Fished,IUCN VI,-39.938728,143.45456,GoPro Hero10,neville.barrett@utas.edu.au,jacquomo.monk@utas.edu.au,Parks Australia,DMP-MPA-2122-038,TD,Y,Y,Shelf unvegetated sediments
Z_35,20220509,8:18,Zeehan AMP,102,Z_35,Fished,IUCN VI,-39.834757,143.44474,GoPro Hero10,neville.barrett@utas.edu.au,jacquomo.monk@utas.edu.au,Parks Australia,DMP-MPA-2122-038,LV,Y,Y,Mixed Rariphotic shelf reefs & Shelf unvegetated sediments
Z_36,20220513,13:33,Zeehan AMP,108,Z_36,Fished,IUCN VI,-39.927989,143.31824,GoPro Hero10,neville.barrett@utas.edu.au,jacquomo.monk@utas.edu.au,Parks Australia,DMP-MPA-2122-038,AB,Y,Y,Shelf unvegetated sediments
Z_37,,,Zeehan AMP,104,Z_37,Fished,IUCN VI,-39.914214,143.50145,GoPro Hero10,neville.barrett@utas.edu.au,jacquomo.monk@utas.edu.au,Parks Australia,DMP-MPA-2122-038,,N,N,
Z_38,20220511,8:14,Zeehan AMP,105,Z_38,Fished,IUCN VI,-39.825456,143.3541,GoPro Hero10,neville.barrett@utas.edu.au,jacquomo.monk@utas.edu.au,Parks Australia,DMP-MPA-2122-038,LV,Y,Y,Mixed Rariphotic shelf reefs & Shelf unvegetated sediments
Z_39,20220513,8:10,Zeehan AMP,109,Z_39,Fished,IUCN VI,-39.893221,143.31251,GoPro Hero10,neville.barrett@utas.edu.au,jacquomo.monk@utas.edu.au,Parks Australia,DMP-MPA-2122-038,LV,Y,Y,Shelf unvegetated sediments
Z_40,20220512,12:29,Zeehan AMP,133,Z_40,Fished,IUCN VI,-39.930112,143.24969,GoPro Hero10,neville.barrett@utas.edu.au,jacquomo.monk@utas.edu.au,Parks Australia,DMP-MPA-2122-038,LV,Y,Y,Mixed Rariphotic shelf reefs & Shelf unvegetated sediments
Z_41,20220508,16:11,Zeehan AMP,104,Z_41,Fished,IUCN VI,-39.80101,143.46925,GoPro Hero10,neville.barrett@utas.edu.au,jacquomo.monk@utas.edu.au,Parks Australia,DMP-MPA-2122-038,LV,Y,Y,Shelf unvegetated sediments
Z_42,20220509,10:52,Zeehan AMP,103,Z_42,Fished,IUCN VI,-39.870276,143.40491,GoPro Hero10,neville.barrett@utas.edu.au,jacquomo.monk@utas.edu.au,Parks Australia,DMP-MPA-2122-038,LV,Y,Y,Shelf unvegetated sediments
Z_43,20220510,11:09,Zeehan AMP,117,Z_43,Fished,IUCN VI,-39.800335,143.24158,GoPro Hero10,neville.barrett@utas.edu.au,jacquomo.monk@utas.edu.au,Parks Australia,DMP-MPA-2122-038,LV,Y,Y,Mixed Rariphotic shelf reefs & Shelf unvegetated sediments
Z_44,20220508,17:42,Zeehan AMP,103,Z_44,Fished,IUCN VI,-39.81714,143.4342,GoPro Hero10,neville.barrett@utas.edu.au,jacquomo.monk@utas.edu.au,Parks Australia,DMP-MPA-2122-038,LV,Y,N,Mixed Rariphotic shelf reefs & Shelf unvegetated sediments
Z_45,20220513,10:22,Zeehan AMP,108,Z_45,Fished,IUCN VI,-39.910361,143.30773,GoPro Hero10,neville.barrett@utas.edu.au,jacquomo.monk@utas.edu.au,Parks Australia,DMP-MPA-2122-038,LV,Y,Y,Mixed Rariphotic shelf reefs & Shelf unvegetated sediments
Z_46,20220511,11:26,Zeehan AMP,111,Z_46,Fished,IUCN VI,-39.844744,143.28087,GoPro Hero10,neville.barrett@utas.edu.au,jacquomo.monk@utas.edu.au,Parks Australia,DMP-MPA-2122-038,LV,Y,Y,Mixed Rariphotic shelf reefs & Shelf unvegetated sediments
Z_47,20220512,10:51,Zeehan AMP,125,Z_47,Fished,IUCN VI,-39.892094,143.23271,GoPro Hero10,neville.barrett@utas.edu.au,jacquomo.monk@utas.edu.au,Parks Australia,DMP-MPA-2122-038,LV,Y,Y,Shelf unvegetated sediments
Z_48,20220505,9:48,Zeehan AMP,102,Z_48,Fished,IUCN VI,-39.884035,143.59804,GoPro Hero10,neville.barrett@utas.edu.au,jacquomo.monk@utas.edu.au,Parks Australia,DMP-MPA-2122-038,TD,Y,Y,Shelf unvegetated sediments
Z_49,20220511,12:39,Zeehan AMP,115,Z_49,Fished,IUCN VI,-39.832992,143.27391,GoPro Hero10,neville.barrett@utas.edu.au,jacquomo.monk@utas.edu.au,Parks Australia,DMP-MPA-2122-038,LV,Y,Y,Shelf unvegetated sediments
Z_50,20220505,11:48,Zeehan AMP,101,Z_50,Fished,IUCN VI,-39.937582,143.51172,GoPro Hero10,neville.barrett@utas.edu.au,jacquomo.monk@utas.edu.au,Parks Australia,DMP-MPA-2122-038,TD,Y,Y,Rariphotic shelf reefs
Z_51,20220508,13:39,Zeehan AMP,105,Z_51,Fished,IUCN VI,-39.859053,143.48532,GoPro Hero10,neville.barrett@utas.edu.au,jacquomo.monk@utas.edu.au,Parks Australia,DMP-MPA-2122-038,LV,Y,Y,Shelf unvegetated sediments
Z_52,20220511,7:32,Zeehan AMP,105,Z_52,Fished,IUCN VI,-39.813048,143.32626,GoPro Hero10,neville.barrett@utas.edu.au,jacquomo.monk@utas.edu.au,Parks Australia,DMP-MPA-2122-038,LV,Y,Y,Shelf unvegetated sediments
Z_53,20220510,15:27,Zeehan AMP,118,Z_53,Fished,IUCN VI,-39.823076,143.23462,GoPro Hero10,neville.barrett@utas.edu.au,jacquomo.monk@utas.edu.au,Parks Australia,DMP-MPA-2122-038,LV,Y,Y,Mixed Rariphotic shelf reefs & Shelf unvegetated sediments
Z_54,20220513,9:45,Zeehan AMP,113,Z_54,Fished,IUCN VI,-39.902624,143.29107,GoPro Hero10,neville.barrett@utas.edu.au,jacquomo.monk@utas.edu.au,Parks Australia,DMP-MPA-2122-038,LV,Y,Y,Shelf unvegetated sediments
Z_55,20220511,9:22,Zeehan AMP,102,Z_55,Fished,IUCN VI,-39.840615,143.37795,GoPro Hero10,neville.barrett@utas.edu.au,jacquomo.monk@utas.edu.au,Parks Australia,DMP-MPA-2122-038,LV,Y,N,Rariphotic shelf reefs
Z_56,20220504,16:02,Zeehan AMP,103,Z_56,Fished,IUCN VI,-39.941228,143.58572,GoPro Hero10,neville.barrett@utas.edu.au,jacquomo.monk@utas.edu.au,Parks Australia,DMP-MPA-2122-038,TD,Y,Y,Shelf unvegetated sediments
Z_57,20220510,11:50,Zeehan AMP,135,Z_57,Fished,IUCN VI,-39.793655,143.21346,GoPro Hero10,neville.barrett@utas.edu.au,jacquomo.monk@utas.edu.au,Parks Australia,DMP-MPA-2122-038,LV,Y,Y,Shelf unvegetated sediments
Z_58,20220512,10:00,Zeehan AMP,119,Z_58,Fished,IUCN VI,-39.88977,143.24991,GoPro Hero10,neville.barrett@utas.edu.au,jacquomo.monk@utas.edu.au,Parks Australia,DMP-MPA-2122-038,LV,Y,Y,Shelf unvegetated sediments
Z_59,20220505,13:55,Zeehan AMP,107,Z_59,Fished,IUCN VI,-39.915882,143.46148,GoPro Hero10,neville.barrett@utas.edu.au,jacquomo.monk@utas.edu.au,Parks Australia,DMP-MPA-2122-038,TD,Y,Y,Shelf unvegetated sediments
Z_60,20220513,11:38,Zeehan AMP,121,Z_60,Fished,IUCN VI,-39.942536,143.27745,GoPro Hero10,neville.barrett@utas.edu.au,jacquomo.monk@utas.edu.au,Parks Australia,DMP-MPA-2122-038,LV,Y,Y,Rariphotic shelf reefs
Z_61,20220512,12:00,Zeehan AMP,133,Z_61,Fished,IUCN VI,-39.91517,143.23332,GoPro Hero10,neville.barrett@utas.edu.au,jacquomo.monk@utas.edu.au,Parks Australia,DMP-MPA-2122-038,LV,Y,Y,Shelf unvegetated sediments
Z_62,20220509,11:40,Zeehan AMP,103,Z_62,Fished,IUCN VI,-39.881208,143.45566,GoPro Hero10,neville.barrett@utas.edu.au,jacquomo.monk@utas.edu.au,Parks Australia,DMP-MPA-2122-038,LV,Y,Y,Shelf unvegetated sediments
Z_63,20220512,8:08,Zeehan AMP,113,Z_63,Fished,IUCN VI,-39.856069,143.27453,GoPro Hero10,neville.barrett@utas.edu.au,jacquomo.monk@utas.edu.au,Parks Australia,DMP-MPA-2122-038,LV,Y,Y,Rariphotic shelf reefs
Z_64,20220509,16:14,Zeehan AMP,104,Z_64,Fished,IUCN VI,-39.898668,143.39395,GoPro Hero10,neville.barrett@utas.edu.au,jacquomo.monk@utas.edu.au,Parks Australia,DMP-MPA-2122-038,LV,Y,Y,Mixed Rariphotic shelf reefs & Shelf unvegetated sediments
Z_65,20220509,16:54,Zeehan AMP,102,Z_65,Fished,IUCN VI,-39.897449,143.36361,GoPro Hero10,neville.barrett@utas.edu.au,jacquomo.monk@utas.edu.au,Parks Australia,DMP-MPA-2122-038,LV ,Y,Y,Rariphotic shelf reefs
Z_66,20220510,9:13,Zeehan AMP,102,Z_66,Fished,IUCN VI,-39.793087,143.34157,GoPro Hero10,neville.barrett@utas.edu.au,jacquomo.monk@utas.edu.au,Parks Australia,DMP-MPA-2122-038,LV,Y,Y,Mixed Rariphotic shelf reefs & Shelf unvegetated sediments
Z_67,20220505,8:52,Zeehan AMP,103,Z_67,Fished,IUCN VI,-39.873409,143.64135,GoPro Hero10,neville.barrett@utas.edu.au,jacquomo.monk@utas.edu.au,Parks Australia,DMP-MPA-2122-038,TD,Y,Y,Shelf unvegetated sediments
Z_68,20220511,16:49,Zeehan AMP,123,Z_68,Fished,IUCN VI,-39.871594,143.23103,GoPro Hero10,neville.barrett@utas.edu.au,jacquomo.monk@utas.edu.au,Parks Australia,DMP-MPA-2122-038,LV,Y,Y,Mixed Rariphotic shelf reefs & Shelf unvegetated sediments
Z_69,20220505,10:54,Zeehan AMP,103,Z_69,Fished,IUCN VI,-39.914126,143.55561,GoPro Hero10,neville.barrett@utas.edu.au,jacquomo.monk@utas.edu.au,Parks Australia,DMP-MPA-2122-038,TD,Y,Y,Shelf unvegetated sediments
Z_70,20220510,15:06,Zeehan AMP,122,Z_70,Fished,IUCN VI,-39.819652,143.22628,GoPro Hero10,neville.barrett@utas.edu.au,jacquomo.monk@utas.edu.au,Parks Australia,DMP-MPA-2122-038,LV,Y,Y,Rariphotic shelf reefs
Z_71,20220512,13:40,Zeehan AMP,180,Z_71,Fished,IUCN VI,-39.940798,143.23483,GoPro Hero10,neville.barrett@utas.edu.au,jacquomo.monk@utas.edu.au,Parks Australia,DMP-MPA-2122-038,LV,Y,Y,Shelf unvegetated sediments
Z_72,20220512,7:49,Zeehan AMP,109,Z_72,Fished,IUCN VI,-39.865164,143.29975,GoPro Hero10,neville.barrett@utas.edu.au,jacquomo.monk@utas.edu.au,Parks Australia,DMP-MPA-2122-038,LV,Y,Y,Mixed Rariphotic shelf reefs & Shelf unvegetated sediments
Z_73,20220509,13:16,Zeehan AMP,104,Z_73,Fished,IUCN VI,-39.94046,143.42885,GoPro Hero10,neville.barrett@utas.edu.au,jacquomo.monk@utas.edu.au,Parks Australia,DMP-MPA-2122-038,LV,Y,Y,Shelf unvegetated sediments
Z_74,20220508,14:20,Zeehan AMP,102,Z_74,Fished,IUCN VI,-39.836477,143.51019,GoPro Hero10,neville.barrett@utas.edu.au,jacquomo.monk@utas.edu.au,Parks Australia,DMP-MPA-2122-038,LV,Y,Y,Mixed Rariphotic shelf reefs & Shelf unvegetated sediments
Z_75,20220509,15:09,Zeehan AMP,103,Z_75,Fished,IUCN VI,-39.92978,143.38366,GoPro Hero10,neville.barrett@utas.edu.au,jacquomo.monk@utas.edu.au,Parks Australia,DMP-MPA-2122-038,LV,Y,Y,Rariphotic shelf reefs
Z_76,20220509,14:04,Zeehan AMP,109,Z_76,Fished,IUCN VI,-39.947668,143.40566,GoPro Hero10,neville.barrett@utas.edu.au,jacquomo.monk@utas.edu.au,Parks Australia,DMP-MPA-2122-038,LV,Y,Y,Shelf unvegetated sediments
Z_77,20220506,9:56,Zeehan AMP,101,Z_77,Fished,IUCN VI,-39.816927,143.57951,GoPro Hero10,neville.barrett@utas.edu.au,jacquomo.monk@utas.edu.au,Parks Australia,DMP-MPA-2122-038,TD,Y,Y,Shelf unvegetated sediments
Z_78,20220513,14:40,Zeehan AMP,102,Z_78,Fished,IUCN VI,-39.920435,143.36134,GoPro Hero10,neville.barrett@utas.edu.au,jacquomo.monk@utas.edu.au,Parks Australia,DMP-MPA-2122-038,AB,Y,Y,Shelf unvegetated sediments
Z_79,20220511,12:08,Zeehan AMP,107,Z_79,Fished,IUCN VI,-39.832467,143.31097,GoPro Hero10,neville.barrett@utas.edu.au,jacquomo.monk@utas.edu.au,Parks Australia,DMP-MPA-2122-038,LV,Y,Y,Shelf unvegetated sediments
Z_80,20220506,8:02,Zeehan AMP,101,Z_80,Fished,IUCN VI,-39.861068,143.61343,GoPro Hero10,neville.barrett@utas.edu.au,jacquomo.monk@utas.edu.au,Parks Australia,DMP-MPA-2122-038,TD,Y,Y,Shelf unvegetated sediments
Z_81,20220510,11:37,Zeehan AMP,123,Z_81,Fished,IUCN VI,-39.790696,143.22214,GoPro Hero10,neville.barrett@utas.edu.au,jacquomo.monk@utas.edu.au,Parks Australia,DMP-MPA-2122-038,LV,Y,Y,Rariphotic shelf reefs
Z_82,20220512,15:08,Zeehan AMP,117,Z_82,Fished,IUCN VI,-39.922037,143.27575,GoPro Hero10,neville.barrett@utas.edu.au,jacquomo.monk@utas.edu.au,Parks Australia,DMP-MPA-2122-038,LV,Y,Y,Shelf unvegetated sediments
Z_83,20220510,12:23,Zeehan AMP,146,Z_83,Fished,IUCN VI,-39.812968,143.19815,GoPro Hero10,neville.barrett@utas.edu.au,jacquomo.monk@utas.edu.au,Parks Australia,DMP-MPA-2122-038,LV,Y,Y,Mixed Rariphotic shelf reefs & Shelf unvegetated sediments
Z_84,20220505,15:31,Zeehan AMP,103,Z_84,Fished,IUCN VI,-39.893655,143.4977,GoPro Hero10,neville.barrett@utas.edu.au,jacquomo.monk@utas.edu.au,Parks Australia,DMP-MPA-2122-038,TD,Y,Y,Mixed Rariphotic shelf reefs & Shelf unvegetated sediments
Z_85,20220505,12:57,Zeehan AMP,103,Z_85,Fished,IUCN VI,-39.936271,143.48032,GoPro Hero10,neville.barrett@utas.edu.au,jacquomo.monk@utas.edu.au,Parks Australia,DMP-MPA-2122-038,TD,Y,Y,Mixed Rariphotic shelf reefs & Shelf unvegetated sediments
Z_86,20220513,10:11,Zeehan AMP,110,Z_86,Fished,IUCN VI,-39.911258,143.29914,GoPro Hero10,neville.barrett@utas.edu.au,jacquomo.monk@utas.edu.au,Parks Australia,DMP-MPA-2122-038,LV,Y,Y,Rariphotic shelf reefs
Z_87,20220508,16:58,Zeehan AMP,105,Z_87,Fished,IUCN VI,-39.798623,143.42663,GoPro Hero10,neville.barrett@utas.edu.au,jacquomo.monk@utas.edu.au,Parks Australia,DMP-MPA-2122-038,LV,Y,Y,Shelf unvegetated sediments
Z_88,20220513,8:36,Zeehan AMP,106,Z_88,Fished,IUCN VI,-39.890526,143.32692,GoPro Hero10,neville.barrett@utas.edu.au,jacquomo.monk@utas.edu.au,Parks Australia,DMP-MPA-2122-038,LV,Y,Y,Shelf unvegetated sediments
Z_89,20220511,16:14,Zeehan AMP,136,Z_89,Fished,IUCN VI,-39.872923,143.21377,GoPro Hero10,neville.barrett@utas.edu.au,jacquomo.monk@utas.edu.au,Parks Australia,DMP-MPA-2122-038,LV,Y,Y,Mixed Rariphotic shelf reefs & Shelf unvegetated sediments
Z_90,20220512,11:06,Zeehan AMP,123,Z_90,Fished,IUCN VI,-39.899853,143.24421,GoPro Hero10,neville.barrett@utas.edu.au,jacquomo.monk@utas.edu.au,Parks Australia,DMP-MPA-2122-038,LV,Y,Y,Mixed Rariphotic shelf reefs & Shelf unvegetated sediments
Z_91,20220509,7:51,Zeehan AMP,105,Z_91,Fished,IUCN VI,-39.839732,143.46013,GoPro Hero10,neville.barrett@utas.edu.au,jacquomo.monk@utas.edu.au,Parks Australia,DMP-MPA-2122-038,LV,Y,Y,Shelf unvegetated sediments
Z_92,20220505,17:00,Zeehan AMP,100,Z_92,Fished,IUCN VI,-39.867926,143.53466,GoPro Hero10,neville.barrett@utas.edu.au,jacquomo.monk@utas.edu.au,Parks Australia,DMP-MPA-2122-038,TD ,Y,Y,Shelf unvegetated sediments
Z_93,20220513,12:30,Zeehan AMP,110,Z_93,Fished,IUCN VI,-39.949521,143.30995,GoPro Hero10,neville.barrett@utas.edu.au,jacquomo.monk@utas.edu.au,Parks Australia,DMP-MPA-2122-038,AB,Y,Y,Shelf unvegetated sediments
Z_94,20220512,16:11,Zeehan AMP,114,Z_94,Fished,IUCN VI,-39.883814,143.28308,GoPro Hero10,neville.barrett@utas.edu.au,jacquomo.monk@utas.edu.au,Parks Australia,DMP-MPA-2122-038,LV ,Y,Y,Mixed Rariphotic shelf reefs & Shelf unvegetated sediments
Z_95,20220510,7:52,Zeehan AMP,102,Z_95,Fished,IUCN VI,-39.822521,143.39269,GoPro Hero10,neville.barrett@utas.edu.au,jacquomo.monk@utas.edu.au,Parks Australia,DMP-MPA-2122-038,LV,Y,Y,Shelf unvegetated sediments
Z_96,20220504,17:13,Zeehan AMP,99,Z_96,Fished,IUCN VI,-39.915026,143.61978,GoPro Hero10,neville.barrett@utas.edu.au,jacquomo.monk@utas.edu.au,Parks Australia,DMP-MPA-2122-038,TD,Y,Y,Rariphotic shelf reefs
Z_97,20220511,13:18,Zeehan AMP,122,Z_97,Fished,IUCN VI,-39.844662,143.22818,GoPro Hero10,neville.barrett@utas.edu.au,jacquomo.monk@utas.edu.au,Parks Australia,DMP-MPA-2122-038,LV,Y,Y,Shelf unvegetated sediments
Z_98,20220513,15:18,Zeehan AMP,105,Z_98,Fished,IUCN VI,-39.939094,143.34468,GoPro Hero10,neville.barrett@utas.edu.au,jacquomo.monk@utas.edu.au,Parks Australia,DMP-MPA-2122-038,AB,Y,Y,Mixed Rariphotic shelf reefs & Shelf unvegetated sediments
Z_99,20220505,11:29,Zeehan AMP,102,Z_99,Fished,IUCN VI,-39.925282,143.52802,GoPro Hero10,neville.barrett@utas.edu.au,jacquomo.monk@utas.edu.au,Parks Australia,DMP-MPA-2122-038,TD,Y,Y,Shelf unvegetated sediments
Z_100,20220508,17:28,Zeehan AMP,106,Z_100,Fished,IUCN VI,-39.810083,143.43316,GoPro Hero10,neville.barrett@utas.edu.au,jacquomo.monk@utas.edu.au,Parks Australia,DMP-MPA-2122-038,LV,Y,Y,Shelf unvegetated sediments
Z_101,20220513,9:30,Zeehan AMP,110,Z_101,Fished,IUCN VI,-39.903304,143.3067,GoPro Hero10,neville.barrett@utas.edu.au,jacquomo.monk@utas.edu.au,Parks Australia,DMP-MPA-2122-038,LV,Y,Y,Shelf unvegetated sediments
Z_102,20220509,17:26,Zeehan AMP,102,Z_102,Fished,IUCN VI,-39.879327,143.36878,GoPro Hero10,neville.barrett@utas.edu.au,jacquomo.monk@utas.edu.au,Parks Australia,DMP-MPA-2122-038,LV ,Y,Y,Shelf unvegetated sediments
Z_103,20220511,14:22,Zeehan AMP,146,Z_103,Fished,IUCN VI,-39.832351,143.20421,GoPro Hero10,neville.barrett@utas.edu.au,jacquomo.monk@utas.edu.au,Parks Australia,DMP-MPA-2122-038,LV ,Y,Y,Rariphotic shelf reefs
Z_104,20220512,10:29,Zeehan AMP,124,Z_104,Fished,IUCN VI,-39.885036,143.23169,GoPro Hero10,neville.barrett@utas.edu.au,jacquomo.monk@utas.edu.au,Parks Australia,DMP-MPA-2122-038,LV,Y,Y,Shelf unvegetated sediments
Z_105,20220513,15:03,Zeehan AMP,103,Z_105,Fished,IUCN VI,-39.927765,143.35101,GoPro Hero10,neville.barrett@utas.edu.au,jacquomo.monk@utas.edu.au,Parks Australia,DMP-MPA-2122-038,AB,Y,Y,Shelf unvegetated sediments
Z_106,20220506,11:29,Zeehan AMP,101,Z_106,Fished,IUCN VI,-39.801032,143.66146,GoPro Hero10,neville.barrett@utas.edu.au,jacquomo.monk@utas.edu.au,Parks Australia,DMP-MPA-2122-038,TD,Y,Y,Shelf unvegetated sediments
Z_107,20220512,9:00,Zeehan AMP,116,Z_107,Fished,IUCN VI,-39.85997,143.25586,GoPro Hero10,neville.barrett@utas.edu.au,jacquomo.monk@utas.edu.au,Parks Australia,DMP-MPA-2122-038,LV,Y,Y,Mixed Rariphotic shelf reefs & Shelf unvegetated sediments
Z_108,20220505,10:19,Zeehan AMP,104,Z_108,Fished,IUCN VI,-39.893486,143.57336,GoPro Hero10,neville.barrett@utas.edu.au,jacquomo.monk@utas.edu.au,Parks Australia,DMP-MPA-2122-038,TD,Y,Y,Shelf unvegetated sediments
Z_109,20220508,11:21,Zeehan AMP,98,Z_109,Fished,IUCN VI,-39.827916,143.54614,GoPro Hero10,neville.barrett@utas.edu.au,jacquomo.monk@utas.edu.au,Parks Australia,DMP-MPA-2122-038,LV,Y,Y,Shelf unvegetated sediments
Z_110,20220512,14:08,Zeehan AMP,195,Z_110,Fished,IUCN VI,-39.946066,143.2473,GoPro Hero10,neville.barrett@utas.edu.au,jacquomo.monk@utas.edu.au,Parks Australia,DMP-MPA-2122-038,LV,Y,Y,Shelf unvegetated sediments
Z_111,20220510,10:15,Zeehan AMP,110,Z_111,Fished,IUCN VI,-39.791772,143.28606,GoPro Hero10,neville.barrett@utas.edu.au,jacquomo.monk@utas.edu.au,Parks Australia,DMP-MPA-2122-038,LV,Y,Y,Mixed Rariphotic shelf reefs & Shelf unvegetated sediments
Z_112,20220509,9:58,Zeehan AMP,107,Z_112,Fished,IUCN VI,-39.86822,143.4492,GoPro Hero10,neville.barrett@utas.edu.au,jacquomo.monk@utas.edu.au,Parks Australia,DMP-MPA-2122-038,LV,Y,Y,Shelf unvegetated sediments
Z_113,20220509,14:31,Zeehan AMP,105,Z_113,Fished,IUCN VI,-39.937471,143.38478,GoPro Hero10,neville.barrett@utas.edu.au,jacquomo.monk@utas.edu.au,Parks Australia,DMP-MPA-2122-038,LV,Y,Y,Rariphotic shelf reefs
Z_114,20220510,14:40,Zeehan AMP,116,Z_114,Fished,IUCN VI,-39.816199,143.2392,GoPro Hero10,neville.barrett@utas.edu.au,jacquomo.monk@utas.edu.au,Parks Australia,DMP-MPA-2122-038,LV,Y,Y,Mixed Rariphotic shelf reefs & Shelf unvegetated sediments
Z_115,20220510,16:13,Zeehan AMP,110,Z_115,Fished,IUCN VI,-39.815946,143.26199,GoPro Hero10,neville.barrett@utas.edu.au,jacquomo.monk@utas.edu.au,Parks Australia,DMP-MPA-2122-038,LV,Y,Y,Mixed Rariphotic shelf reefs & Shelf unvegetated sediments
Z_116,20220505,12:21,Zeehan AMP,102,Z_116,Fished,IUCN VI,-39.920557,143.49972,GoPro Hero10,neville.barrett@utas.edu.au,jacquomo.monk@utas.edu.au,Parks Australia,DMP-MPA-2122-038,TD,Y,Y,Rariphotic shelf reefs
Z_117,20220511,8:25,Zeehan AMP,105,Z_117,Fished,IUCN VI,-39.831796,143.35236,GoPro Hero10,neville.barrett@utas.edu.au,jacquomo.monk@utas.edu.au,Parks Australia,DMP-MPA-2122-038,LV,Y,Y,Shelf unvegetated sediments
Z_118,20220509,10:35,Zeehan AMP,104,Z_118,Fished,IUCN VI,-39.877322,143.42594,GoPro Hero10,neville.barrett@utas.edu.au,jacquomo.monk@utas.edu.au,Parks Australia,DMP-MPA-2122-038,LV,Y,Y,Shelf unvegetated sediments
Z_119,20220506,8:54,Zeehan AMP,99,Z_119,Fished,IUCN VI,-39.842311,143.62814,GoPro Hero10,neville.barrett@utas.edu.au,jacquomo.monk@utas.edu.au,Parks Australia,DMP-MPA-2122-038,TD,Y,Y,Shelf unvegetated sediments
Z_120,20220505,16:10,Zeehan AMP,106,Z_120,Fished,IUCN VI,-39.876644,143.47437,GoPro Hero10,neville.barrett@utas.edu.au,jacquomo.monk@utas.edu.au,Parks Australia,DMP-MPA-2122-038,TD,Y,Y,Rariphotic shelf reefs
Z_121,20220511,11:12,Zeehan AMP,109,Z_121,Fished,IUCN VI,-39.851539,143.29336,GoPro Hero10,neville.barrett@utas.edu.au,jacquomo.monk@utas.edu.au,Parks Australia,DMP-MPA-2122-038,LV,Y,Y,Mixed Rariphotic shelf reefs & Shelf unvegetated sediments
Z_122,20220509,13:01,Zeehan AMP,103,Z_122,Fished,IUCN VI,-39.927191,143.43375,GoPro Hero10,neville.barrett@utas.edu.au,jacquomo.monk@utas.edu.au,Parks Australia,DMP-MPA-2122-038,LV,Y,Y,Mixed Rariphotic shelf reefs & Shelf unvegetated sediments
Z_123,20220511,16:37,Zeehan AMP,127,Z_123,Fished,IUCN VI,-39.875228,143.2237,GoPro Hero10,neville.barrett@utas.edu.au,jacquomo.monk@utas.edu.au,Parks Australia,DMP-MPA-2122-038,LV,Y,Y,Mixed Rariphotic shelf reefs & Shelf unvegetated sediments
Z_124,20220508,14:54,Zeehan AMP,101,Z_124,Fished,IUCN VI,-39.823113,143.51507,GoPro Hero10,neville.barrett@utas.edu.au,jacquomo.monk@utas.edu.au,Parks Australia,DMP-MPA-2122-038,LV,Y,Y,Shelf unvegetated sediments
Z_125,20220505,7:51,Zeehan AMP,100,Z_125,Fished,IUCN VI,-39.918154,143.66244,GoPro Hero10,neville.barrett@utas.edu.au,jacquomo.monk@utas.edu.au,Parks Australia,DMP-MPA-2122-038,TD,Y,Y,Shelf unvegetated sediments
Z_126,20220510,16:01,Zeehan AMP,110,Z_126,Fished,IUCN VI,-39.821425,143.25316,GoPro Hero10,neville.barrett@utas.edu.au,jacquomo.monk@utas.edu.au,Parks Australia,DMP-MPA-2122-038,LV,Y,Y,Mixed Rariphotic shelf reefs & Shelf unvegetated sediments
Z_127,20220509,7:38,Zeehan AMP,106,Z_127,Fished,IUCN VI,-39.847522,143.46452,GoPro Hero10,neville.barrett@utas.edu.au,jacquomo.monk@utas.edu.au,Parks Australia,DMP-MPA-2122-038,LV,Y,Y,Shelf unvegetated sediments
Z_128,20220511,10:43,Zeehan AMP,105,Z_128,Fished,IUCN VI,-39.854063,143.32734,GoPro Hero10,neville.barrett@utas.edu.au,jacquomo.monk@utas.edu.au,Parks Australia,DMP-MPA-2122-038,LV,Y,Y,Mixed Rariphotic shelf reefs & Shelf unvegetated sediments
Z_129,20220508,9:46,Zeehan AMP,98,Z_129,Fished,IUCN VI,-39.803316,143.57306,GoPro Hero10,neville.barrett@utas.edu.au,jacquomo.monk@utas.edu.au,Parks Australia,DMP-MPA-2122-038,LV,Y,Y,Shelf unvegetated sediments
Z_130,20220510,9:29,Zeehan AMP,106,Z_130,Fished,IUCN VI,-39.802121,143.32252,GoPro Hero10,neville.barrett@utas.edu.au,jacquomo.monk@utas.edu.au,Parks Australia,DMP-MPA-2122-038,LV,Y,Y,Shelf unvegetated sediments
Z_131,20220504,17:39,Zeehan AMP,100,Z_131,Fished,IUCN VI,-39.899763,143.62146,GoPro Hero10,neville.barrett@utas.edu.au,jacquomo.monk@utas.edu.au,Parks Australia,DMP-MPA-2122-038,TD,Y,Y,Shelf unvegetated sediments
Z_132,20220513,9:57,Zeehan AMP,116,Z_132,Fished,IUCN VI,-39.908869,143.28641,GoPro Hero10,neville.barrett@utas.edu.au,jacquomo.monk@utas.edu.au,Parks Australia,DMP-MPA-2122-038,LV,Y,Y,Shelf unvegetated sediments
Z_133,20220504,16:56,Zeehan AMP,103,Z_133,Fished,IUCN VI,-39.925132,143.60501,GoPro Hero10,neville.barrett@utas.edu.au,jacquomo.monk@utas.edu.au,Parks Australia,DMP-MPA-2122-038,TD,Y,Y,Shelf unvegetated sediments
Z_134,20220513,8:00,Zeehan AMP,108,Z_134,Fished,IUCN VI,-39.893803,143.30815,GoPro Hero10,neville.barrett@utas.edu.au,jacquomo.monk@utas.edu.au,Parks Australia,DMP-MPA-2122-038,LV,Y,Y,Rariphotic shelf reefs
Z_135,20220510,8:18,Zeehan AMP,105,Z_135,Fished,IUCN VI,-39.818031,143.37295,GoPro Hero10,neville.barrett@utas.edu.au,jacquomo.monk@utas.edu.au,Parks Australia,DMP-MPA-2122-038,LV,Y,Y,Shelf unvegetated sediments
Z_136,20220512,9:38,Zeehan AMP,114,Z_136,Fished,IUCN VI,-39.879396,143.26333,GoPro Hero10,neville.barrett@utas.edu.au,jacquomo.monk@utas.edu.au,Parks Australia,DMP-MPA-2122-038,LV,Y,Y,Rariphotic shelf reefs
Z_137,20220505,14:18,Zeehan AMP,103,Z_137,Fished,IUCN VI,-39.905389,143.47476,GoPro Hero10,neville.barrett@utas.edu.au,jacquomo.monk@utas.edu.au,Parks Australia,DMP-MPA-2122-038,TD,Y,Y,Shelf unvegetated sediments
Z_138,20220508,10:23,Zeehan AMP,98,Z_138,Fished,IUCN VI,-39.794938,143.53366,GoPro Hero10,neville.barrett@utas.edu.au,jacquomo.monk@utas.edu.au,Parks Australia,DMP-MPA-2122-038,LV,Y,Y,Shelf unvegetated sediments
Z_139,20220511,10:30,Zeehan AMP,106,Z_139,Fished,IUCN VI,-39.859999,143.33275,GoPro Hero10,neville.barrett@utas.edu.au,jacquomo.monk@utas.edu.au,Parks Australia,DMP-MPA-2122-038,LV,Y,Y,Shelf unvegetated sediments
Z_140,20220509,11:23,Zeehan AMP,103,Z_140,Fished,IUCN VI,-39.886937,143.43397,GoPro Hero10,neville.barrett@utas.edu.au,jacquomo.monk@utas.edu.au,Parks Australia,DMP-MPA-2122-038,LV,Y,Y,Mixed Rariphotic shelf reefs & Shelf unvegetated sediments
Z_141,20220512,8:50,Zeehan AMP,116,Z_141,Fished,IUCN VI,-39.861768,143.25295,GoPro Hero10,neville.barrett@utas.edu.au,jacquomo.monk@utas.edu.au,Parks Australia,DMP-MPA-2122-038,LV,Y,Y,Rariphotic shelf reefs
Z_142,20220509,16:42,Zeehan AMP,101,Z_142,Fished,IUCN VI,-39.904385,143.37225,GoPro Hero10,neville.barrett@utas.edu.au,jacquomo.monk@utas.edu.au,Parks Australia,DMP-MPA-2122-038,LV,Y,Y,Shelf unvegetated sediments
Z_143,20220511,14:10,Zeehan AMP,142,Z_143,Fished,IUCN VI,-39.834391,143.20877,GoPro Hero10,neville.barrett@utas.edu.au,jacquomo.monk@utas.edu.au,Parks Australia,DMP-MPA-2122-038,LV,Y,Y,Mixed Rariphotic shelf reefs & Shelf unvegetated sediments
Z_144,20220505,8:34,Zeehan AMP,101,Z_144,Fished,IUCN VI,-39.880679,143.66227,GoPro Hero10,neville.barrett@utas.edu.au,jacquomo.monk@utas.edu.au,Parks Australia,DMP-MPA-2122-038,TD,Y,Y,Shelf unvegetated sediments
Z_145,20220512,14:36,Zeehan AMP,156,Z_145,Fished,IUCN VI,-39.939513,143.25632,GoPro Hero10,neville.barrett@utas.edu.au,jacquomo.monk@utas.edu.au,Parks Australia,DMP-MPA-2122-038,LV,Y,Y,Mixed Rariphotic shelf reefs & Shelf unvegetated sediments
Z_146,20220505,15:18,Zeehan AMP,101,Z_146,Fished,IUCN VI,-39.888929,143.50227,GoPro Hero10,neville.barrett@utas.edu.au,jacquomo.monk@utas.edu.au,Parks Australia,DMP-MPA-2122-038,TD,Y,Y,Mixed Rariphotic shelf reefs & Shelf unvegetated sediments
Z_147,20220509,15:58,Zeehan AMP,105,Z_147,Fished,IUCN VI,-39.896845,143.41065,GoPro Hero10,neville.barrett@utas.edu.au,jacquomo.monk@utas.edu.au,Parks Australia,DMP-MPA-2122-038,LV,Y,Y,Mixed Rariphotic shelf reefs & Shelf unvegetated sediments
Z_148,20220510,15:49,Zeehan AMP,110,Z_148,Fished,IUCN VI,-39.826905,143.24714,GoPro Hero10,neville.barrett@utas.edu.au,jacquomo.monk@utas.edu.au,Parks Australia,DMP-MPA-2122-038,LV,Y,Y,Shelf unvegetated sediments
Z_149,20220508,12:05,Zeehan AMP,100,Z_149,Fished,IUCN VI,-39.855759,143.54953,GoPro Hero10,neville.barrett@utas.edu.au,jacquomo.monk@utas.edu.au,Parks Australia,DMP-MPA-2122-038,LV,Y,Y,Shelf unvegetated sediments
Z_150,20220513,10:36,Zeehan AMP,110,Z_150,Fished,IUCN VI,-39.919402,143.30315,GoPro Hero10,neville.barrett@utas.edu.au,jacquomo.monk@utas.edu.au,Parks Australia,DMP-MPA-2122-038,LV,Y,Y,Shelf unvegetated sediments
Z_151,20220512,16:47,Zeehan AMP,115,Z_151,Fished,IUCN VI,-39.871047,143.27536,GoPro Hero10,neville.barrett@utas.edu.au,jacquomo.monk@utas.edu.au,Parks Australia,DMP-MPA-2122-038,LV,Y,Y,Mixed Rariphotic shelf reefs & Shelf unvegetated sediments
Z_152,20220509,15:40,Zeehan AMP,104,Z_152,Fished,IUCN VI,-39.913642,143.39469,GoPro Hero10,neville.barrett@utas.edu.au,jacquomo.monk@utas.edu.au,Parks Australia,DMP-MPA-2122-038,LV,Y,Y,Shelf unvegetated sediments
Z_153,20220509,13:31,Zeehan AMP,107,Z_153,Fished,IUCN VI,-39.947423,143.43855,GoPro Hero10,neville.barrett@utas.edu.au,jacquomo.monk@utas.edu.au,Parks Australia,DMP-MPA-2122-038,LV,Y,Y,Shelf unvegetated sediments
Z_154,20220513,8:22,Zeehan AMP,108,Z_154,Fished,IUCN VI,-39.885359,143.32018,GoPro Hero10,neville.barrett@utas.edu.au,jacquomo.monk@utas.edu.au,Parks Australia,DMP-MPA-2122-038,LV,Y,Y,Mixed Rariphotic shelf reefs & Shelf unvegetated sediments
Z_155,20220510,8:34,Zeehan AMP,102,Z_155,Fished,IUCN VI,-39.80967,143.38495,GoPro Hero10,neville.barrett@utas.edu.au,jacquomo.monk@utas.edu.au,Parks Australia,DMP-MPA-2122-038,LV,Y,Y,Mixed Rariphotic shelf reefs & Shelf unvegetated sediments
Z_156,20220512,10:12,Zeehan AMP,120,Z_156,Fished,IUCN VI,-39.893239,143.25135,GoPro Hero10,neville.barrett@utas.edu.au,jacquomo.monk@utas.edu.au,Parks Australia,DMP-MPA-2122-038,LV,Y,Y,Mixed Rariphotic shelf reefs & Shelf unvegetated sediments
Z_157,20220508,14:06,Zeehan AMP,104,Z_157,Fished,IUCN VI,-39.842662,143.49726,GoPro Hero10,neville.barrett@utas.edu.au,jacquomo.monk@utas.edu.au,Parks Australia,DMP-MPA-2122-038,LV,Y,Y,Shelf unvegetated sediments
Z_158,20220511,10:17,Zeehan AMP,105,Z_158,Fished,IUCN VI,-39.857396,143.34446,GoPro Hero10,neville.barrett@utas.edu.au,jacquomo.monk@utas.edu.au,Parks Australia,DMP-MPA-2122-038,LV,Y,Y,Shelf unvegetated sediments
Z_159,20220504,15:06,Zeehan AMP,103,Z_159,Fished,IUCN VI,-39.937723,143.64452,GoPro Hero10,neville.barrett@utas.edu.au,jacquomo.monk@utas.edu.au,Parks Australia,DMP-MPA-2122-038,TD,Y,Y,Shelf unvegetated sediments
Z_160,20220510,10:29,Zeehan AMP,108,Z_160,Fished,IUCN VI,-39.790334,143.27213,GoPro Hero10,neville.barrett@utas.edu.au,jacquomo.monk@utas.edu.au,Parks Australia,DMP-MPA-2122-038,LV,Y,Y,Mixed Rariphotic shelf reefs & Shelf unvegetated sediments
Z_161,20220511,14:50,Zeehan AMP,196,Z_161,Fished,IUCN VI,-39.830809,143.19016,GoPro Hero10,neville.barrett@utas.edu.au,jacquomo.monk@utas.edu.au,Parks Australia,DMP-MPA-2122-038,LV,Y,Y,Mixed Rariphotic shelf reefs & Shelf unvegetated sediments
Z_162,20220508,11:07,Zeehan AMP,97,Z_162,Fished,IUCN VI,-39.822871,143.55515,GoPro Hero10,neville.barrett@utas.edu.au,jacquomo.monk@utas.edu.au,Parks Australia,DMP-MPA-2122-038,LV,Y,Y,Shelf unvegetated sediments
Z_163,20220512,11:31,Zeehan AMP,123,Z_163,Fished,IUCN VI,-39.91038,143.24668,GoPro Hero10,neville.barrett@utas.edu.au,jacquomo.monk@utas.edu.au,Parks Australia,DMP-MPA-2122-038,LV,Y,Y,Mixed Rariphotic shelf reefs & Shelf unvegetated sediments
Z_164,20220513,11:02,Zeehan AMP,109,Z_164,Fished,IUCN VI,-39.92911,143.29128,GoPro Hero10,neville.barrett@utas.edu.au,jacquomo.monk@utas.edu.au,Parks Australia,DMP-MPA-2122-038,LV,Y,Y,Shelf unvegetated sediments
Z_165,20220508,12:57,Zeehan AMP,100,Z_165,Fished,IUCN VI,-39.878449,143.53717,GoPro Hero10,neville.barrett@utas.edu.au,jacquomo.monk@utas.edu.au,Parks Australia,DMP-MPA-2122-038,LV,Y,Y,Shelf unvegetated sediments
Z_166,20220508,16:42,Zeehan AMP,106,Z_166,Fished,IUCN VI,-39.797852,143.44255,GoPro Hero10,neville.barrett@utas.edu.au,jacquomo.monk@utas.edu.au,Parks Australia,DMP-MPA-2122-038,LV,Y,Y,Mixed Rariphotic shelf reefs & Shelf unvegetated sediments
Z_167,20220512,16:42,Zeehan AMP,110,Z_167,Fished,IUCN VI,-39.877168,143.28648,GoPro Hero10,neville.barrett@utas.edu.au,jacquomo.monk@utas.edu.au,Parks Australia,DMP-MPA-2122-038,LV,Y,Y,Mixed Rariphotic shelf reefs & Shelf unvegetated sediments
Z_168,20220505,14:53,Zeehan AMP,98,Z_168,Fished,IUCN VI,-39.900699,143.51324,GoPro Hero10,neville.barrett@utas.edu.au,jacquomo.monk@utas.edu.au,Parks Australia,DMP-MPA-2122-038,TD,Y,Y,Rariphotic shelf reefs
Z_169,20220513,14:29,Zeehan AMP,101,Z_169,Fished,IUCN VI,-39.915452,143.36044,GoPro Hero10,neville.barrett@utas.edu.au,jacquomo.monk@utas.edu.au,Parks Australia,DMP-MPA-2122-038,AB,Y,Y,Shelf unvegetated sediments
Z_170,20220505,13:42,Zeehan AMP,106,Z_170,Fished,IUCN VI,-39.924929,143.45692,GoPro Hero10,neville.barrett@utas.edu.au,jacquomo.monk@utas.edu.au,Parks Australia,DMP-MPA-2122-038,TD,Y,Y,Mixed Rariphotic shelf reefs & Shelf unvegetated sediments
Z_171,20220505,17:41,Zeehan AMP,103,Z_171,Fished,IUCN VI,-39.880736,143.56558,GoPro Hero10,neville.barrett@utas.edu.au,jacquomo.monk@utas.edu.au,Parks Australia,DMP-MPA-2122-038,TD,Y,Y,Shelf unvegetated sediments
Z_172,20220504,17:26,Zeehan AMP,100,Z_172,Fished,IUCN VI,-39.908112,143.61743,GoPro Hero10,neville.barrett@utas.edu.au,jacquomo.monk@utas.edu.au,Parks Australia,DMP-MPA-2122-038,TD,Y,Y,Shelf unvegetated sediments
Z_173,20220511,13:44,Zeehan AMP,125,Z_173,Fished,IUCN VI,-39.837742,143.22587,GoPro Hero10,neville.barrett@utas.edu.au,jacquomo.monk@utas.edu.au,Parks Australia,DMP-MPA-2122-038,LV,Y,Y,Mixed Rariphotic shelf reefs & Shelf unvegetated sediments
Z_174,20220513,15:32,Zeehan AMP,107,Z_174,Fished,IUCN VI,-39.949439,143.34143,GoPro Hero10,neville.barrett@utas.edu.au,jacquomo.monk@utas.edu.au,Parks Australia,DMP-MPA-2122-038,AB,Y,Y,Shelf unvegetated sediments
Z_175,20220511,12:26,Zeehan AMP,111,Z_175,Fished,IUCN VI,-39.83107,143.28698,GoPro Hero10,neville.barrett@utas.edu.au,jacquomo.monk@utas.edu.au,Parks Australia,DMP-MPA-2122-038,LV,Y,Y,Rariphotic shelf reefs
Z_176,20220509,9:44,Zeehan AMP,104,Z_176,Fished,IUCN VI,-39.855723,143.45288,GoPro Hero10,neville.barrett@utas.edu.au,jacquomo.monk@utas.edu.au,Parks Australia,DMP-MPA-2122-038,LV,Y,Y,Shelf unvegetated sediments
Z_177,20220511,15:30,Zeehan AMP,155,Z_177,Fished,IUCN VI,-39.853889,143.19086,GoPro Hero10,neville.barrett@utas.edu.au,jacquomo.monk@utas.edu.au,Parks Australia,DMP-MPA-2122-038,LV,Y,Y,Mixed Rariphotic shelf reefs & Shelf unvegetated sediments
Z_178,20220509,7:19,Zeehan AMP,109,Z_178,Fished,IUCN VI,-39.829732,143.48074,GoPro Hero10,neville.barrett@utas.edu.au,jacquomo.monk@utas.edu.au,Parks Australia,DMP-MPA-2122-038,LV,Y,Y,Shelf unvegetated sediments
Z_179,20220513,14:53,Zeehan AMP,101,Z_179,Fished,IUCN VI,-39.922915,143.35431,GoPro Hero10,neville.barrett@utas.edu.au,jacquomo.monk@utas.edu.au,Parks Australia,DMP-MPA-2122-038,AB,Y,Y,Mixed Rariphotic shelf reefs & Shelf unvegetated sediments
Z_180,20220509,8:56,Zeehan AMP,103,Z_180,Fished,IUCN VI,-39.847208,143.41909,GoPro Hero10,neville.barrett@utas.edu.au,jacquomo.monk@utas.edu.au,Parks Australia,DMP-MPA-2122-038,LV,Y,Y,Shelf unvegetated sediments
Z_181,20220510,11:23,Zeehan AMP,126,Z_181,Fished,IUCN VI,-39.793814,143.23213,GoPro Hero10,neville.barrett@utas.edu.au,jacquomo.monk@utas.edu.au,Parks Australia,DMP-MPA-2122-038,LV,Y,Y,Mixed Rariphotic shelf reefs & Shelf unvegetated sediments
Z_182,20220513,13:17,Zeehan AMP,109,Z_182,Fished,IUCN VI,-39.93946,143.33062,GoPro Hero10,neville.barrett@utas.edu.au,jacquomo.monk@utas.edu.au,Parks Australia,DMP-MPA-2122-038,AB,Y,Y,Shelf unvegetated sediments
Z_183,20220506,11:01,Zeehan AMP,98,Z_183,Fished,IUCN VI,-39.812875,143.64114,GoPro Hero10,neville.barrett@utas.edu.au,jacquomo.monk@utas.edu.au,Parks Australia,DMP-MPA-2122-038,TD,Y,Y,Shelf unvegetated sediments
Z_184,20220511,8:42,Zeehan AMP,105,Z_184,Fished,IUCN VI,-39.828378,143.36972,GoPro Hero10,neville.barrett@utas.edu.au,jacquomo.monk@utas.edu.au,Parks Australia,DMP-MPA-2122-038,LV,Y,Y,Shelf unvegetated sediments
Z_185,20220508,12:26,Zeehan AMP,104,Z_185,Fished,IUCN VI,-39.854265,143.58116,GoPro Hero10,neville.barrett@utas.edu.au,jacquomo.monk@utas.edu.au,Parks Australia,DMP-MPA-2122-038,LV,Y,Y,Shelf unvegetated sediments
Z_186,,,Zeehan AMP,103,Z_186,Fished,IUCN VI,-39.876817,143.35196,GoPro Hero10,neville.barrett@utas.edu.au,jacquomo.monk@utas.edu.au,Parks Australia,DMP-MPA-2122-038,,N,N,
Z_187,20220510,16:26,Zeehan AMP,109,Z_187,Fished,IUCN VI,-39.809026,143.25687,GoPro Hero10,neville.barrett@utas.edu.au,jacquomo.monk@utas.edu.au,Parks Australia,DMP-MPA-2122-038,LV,Y,Y,Mixed Rariphotic shelf reefs & Shelf unvegetated sediments
Z_188,20220511,8:01,Zeehan AMP,105,Z_188,Fished,IUCN VI,-39.824876,143.34712,GoPro Hero10,neville.barrett@utas.edu.au,jacquomo.monk@utas.edu.au,Parks Australia,DMP-MPA-2122-038,LV,Y,Y,Shelf unvegetated sediments
Z_189,20220513,8:46,Zeehan AMP,104,Z_189,Fished,IUCN VI,-39.893362,143.32829,GoPro Hero10,neville.barrett@utas.edu.au,jacquomo.monk@utas.edu.au,Parks Australia,DMP-MPA-2122-038,LV,Y,Y,Mixed Rariphotic shelf reefs & Shelf unvegetated sediments
Z_190,20220508,15:55,Zeehan AMP,101,Z_190,Fished,IUCN VI,-39.801042,143.48513,GoPro Hero10,neville.barrett@utas.edu.au,jacquomo.monk@utas.edu.au,Parks Australia,DMP-MPA-2122-038,LV,Y,Y,Shelf unvegetated sediments
Z_191,20220505,11:14,Zeehan AMP,105,Z_191,Fished,IUCN VI,-39.932193,143.53926,GoPro Hero10,neville.barrett@utas.edu.au,jacquomo.monk@utas.edu.au,Parks Australia,DMP-MPA-2122-038,TD,Y,Y,Shelf unvegetated sediments
Z_192,20220513,11:49,Zeehan AMP,121,Z_192,Fished,IUCN VI,-39.947803,143.27599,GoPro Hero10,neville.barrett@utas.edu.au,jacquomo.monk@utas.edu.au,Parks Australia,DMP-MPA-2122-038,LV,Y,Y,Shelf unvegetated sediments
Z_193,20220509,17:11,Zeehan AMP,102,Z_193,Fished,IUCN VI,-39.886522,143.38571,GoPro Hero10,neville.barrett@utas.edu.au,jacquomo.monk@utas.edu.au,Parks Australia,DMP-MPA-2122-038,LV,Y,Y,Shelf unvegetated sediments
Z_194,20220504,16:40,Zeehan AMP,102,Z_194,Fished,IUCN VI,-39.912384,143.59722,GoPro Hero10,neville.barrett@utas.edu.au,jacquomo.monk@utas.edu.au,Parks Australia,DMP-MPA-2122-038,TD,Y,Y,Shelf unvegetated sediments
Z_195,20220511,11:51,Zeehan AMP,108,Z_195,Fished,IUCN VI,-39.844803,143.29676,GoPro Hero10,neville.barrett@utas.edu.au,jacquomo.monk@utas.edu.au,Parks Australia,DMP-MPA-2122-038,LV,Y,Y,Shelf unvegetated sediments
Z_196,20220510,12:34,Zeehan AMP,146,Z_196,Fished,IUCN VI,-39.815809,143.19963,GoPro Hero10,neville.barrett@utas.edu.au,jacquomo.monk@utas.edu.au,Parks Australia,DMP-MPA-2122-038,LV,Y,Y,Mixed Rariphotic shelf reefs & Shelf unvegetated sediments
Z_197,20220506,11:15,Zeehan AMP,100,Z_197,Fished,IUCN VI,-39.807526,143.65554,GoPro Hero10,neville.barrett@utas.edu.au,jacquomo.monk@utas.edu.au,Parks Australia,DMP-MPA-2122-038,TD,Y,Y,Shelf unvegetated sediments
Z_198,20220512,16:58,Zeehan AMP,115,Z_198,Fished,IUCN VI,-39.867091,143.27277,GoPro Hero10,neville.barrett@utas.edu.au,jacquomo.monk@utas.edu.au,Parks Australia,DMP-MPA-2122-038,LV,Y,Y,Shelf unvegetated sediments
Z_199,20220511,15:03,Zeehan AMP,183,Z_199,Fished,IUCN VI,-39.83842,143.1888,GoPro Hero10,neville.barrett@utas.edu.au,jacquomo.monk@utas.edu.au,Parks Australia,DMP-MPA-2122-038,LV,Y,Y,Rariphotic shelf reefs
Z_200,20220505,10:38,Zeehan AMP,104,Z_200,Fished,IUCN VI,-39.899469,143.55038,GoPro Hero10,neville.barrett@utas.edu.au,jacquomo.monk@utas.edu.au,Parks Australia,DMP-MPA-2122-038,TD,Y,Y,Shelf unvegetated sediments
Z_201,20220508,14:32,Zeehan AMP,101,Z_201,Fished,IUCN VI,-39.833809,143.52329,GoPro Hero10,neville.barrett@utas.edu.au,jacquomo.monk@utas.edu.au,Parks Australia,DMP-MPA-2122-038,LV,Y,Y,Shelf unvegetated sediments
Z_202,20220511,17:28,Zeehan AMP,121,Z_202,Fished,IUCN VI,-39.857169,143.23334,GoPro Hero10,neville.barrett@utas.edu.au,jacquomo.monk@utas.edu.au,Parks Australia,DMP-MPA-2122-038,LV,Y,Y,Rariphotic shelf reefs
Z_203,20220509,10:20,Zeehan AMP,105,Z_203,Fished,IUCN VI,-39.874441,143.43766,GoPro Hero10,neville.barrett@utas.edu.au,jacquomo.monk@utas.edu.au,Parks Australia,DMP-MPA-2122-038,LV,Y,Y,Shelf unvegetated sediments
Z_204,20220509,14:56,Zeehan AMP,106,Z_204,Fished,IUCN VI,-39.943684,143.37322,GoPro Hero10,neville.barrett@utas.edu.au,jacquomo.monk@utas.edu.au,Parks Australia,DMP-MPA-2122-038,LV,Y,Y,Shelf unvegetated sediments
Z_205,20220510,15:16,Zeehan AMP,120,Z_205,Fished,IUCN VI,-39.822488,143.22764,GoPro Hero10,neville.barrett@utas.edu.au,jacquomo.monk@utas.edu.au,Parks Australia,DMP-MPA-2122-038,LV,Y,Y,Shelf unvegetated sediments
Z_206,20220511,8:57,Zeehan AMP,105,Z_206,Fished,IUCN VI,-39.838813,143.36356,GoPro Hero10,neville.barrett@utas.edu.au,jacquomo.monk@utas.edu.au,Parks Australia,DMP-MPA-2122-038,LV,Y,Y,Shelf unvegetated sediments
Z_207,20220512,17:28,Zeehan AMP,110,Z_207,Fished,IUCN VI,-39.875646,143.30083,GoPro Hero10,neville.barrett@utas.edu.au,jacquomo.monk@utas.edu.au,Parks Australia,DMP-MPA-2122-038,LV,Y,Y,Mixed Rariphotic shelf reefs & Shelf unvegetated sediments
Z_208,20220512,12:40,Zeehan AMP,127,Z_208,Fished,IUCN VI,-39.925845,143.24864,GoPro Hero10,neville.barrett@utas.edu.au,jacquomo.monk@utas.edu.au,Parks Australia,DMP-MPA-2122-038,LV,Y,Y,Shelf unvegetated sediments
Z_209,20220511,13:29,Zeehan AMP,124,Z_209,Fished,IUCN VI,-39.84727,143.22254,GoPro Hero10,neville.barrett@utas.edu.au,jacquomo.monk@utas.edu.au,Parks Australia,DMP-MPA-2122-038,LV,Y,Y,Mixed Rariphotic shelf reefs & Shelf unvegetated sediments
Z_210,20220512,15:53,Zeehan AMP,119,Z_210,Fished,IUCN VI,-39.891811,143.2657,GoPro Hero10,neville.barrett@utas.edu.au,jacquomo.monk@utas.edu.au,Parks Australia,DMP-MPA-2122-038,LV,Y,Y,Mixed Rariphotic shelf reefs & Shelf unvegetated sediments
Z_211,20220510,14:29,Zeehan AMP,117,Z_211,Fished,IUCN VI,-39.81324,143.23959,GoPro Hero10,neville.barrett@utas.edu.au,jacquomo.monk@utas.edu.au,Parks Australia,DMP-MPA-2122-038,LV,Y,Y,Rariphotic shelf reefs
Z_212,20220511,11:40,Zeehan AMP,109,Z_212,Fished,IUCN VI,-39.840844,143.29125,GoPro Hero10,neville.barrett@utas.edu.au,jacquomo.monk@utas.edu.au,Parks Australia,DMP-MPA-2122-038,LV,Y,Y,Rariphotic shelf reefs
Z_213,20220505,13:29,Zeehan AMP,106,Z_213,Fished,IUCN VI,-39.934462,143.4535,GoPro Hero10,neville.barrett@utas.edu.au,jacquomo.monk@utas.edu.au,Parks Australia,DMP-MPA-2122-038,LV,Y,Y,Mixed Rariphotic shelf reefs & Shelf unvegetated sediments
Z_214,20220508,15:43,Zeehan AMP,106,Z_214,Fished,IUCN VI,-39.806024,143.492,GoPro Hero10,neville.barrett@utas.edu.au,jacquomo.monk@utas.edu.au,Parks Australia,DMP-MPA-2122-038,LV,Y,Y,Shelf unvegetated sediments
Z_215,20220513,8:57,Zeehan AMP,103,Z_215,Fished,IUCN VI,-39.895476,143.3353,GoPro Hero10,neville.barrett@utas.edu.au,jacquomo.monk@utas.edu.au,Parks Australia,DMP-MPA-2122-038,LV,Y,Y,Mixed Rariphotic shelf reefs & Shelf unvegetated sediments
Z_216,20220509,12:44,Zeehan AMP,105,Z_216,Fished,IUCN VI,-39.923749,143.40983,GoPro Hero10,neville.barrett@utas.edu.au,jacquomo.monk@utas.edu.au,Parks Australia,DMP-MPA-2122-038,LV,Y,Y,Shelf unvegetated sediments
Z_217,20220508,10:03,Zeehan AMP,96,Z_217,Fished,IUCN VI,-39.79224,143.561,GoPro Hero10,neville.barrett@utas.edu.au,jacquomo.monk@utas.edu.au,Parks Australia,DMP-MPA-2122-038,LV,Y,Y,Shelf unvegetated sediments
Z_218,20220512,14:20,Zeehan AMP,191,Z_218,Fished,IUCN VI,-39.948816,143.24879,GoPro Hero10,neville.barrett@utas.edu.au,jacquomo.monk@utas.edu.au,Parks Australia,DMP-MPA-2122-038,LV,Y,Y,Shelf unvegetated sediments
Z_219,20220513,14:13,Zeehan AMP,103,Z_219,Fished,IUCN VI,-39.912979,143.34197,GoPro Hero10,neville.barrett@utas.edu.au,jacquomo.monk@utas.edu.au,Parks Australia,DMP-MPA-2122-038,AB,Y,Y,Mixed Rariphotic shelf reefs & Shelf unvegetated sediments
Z_220,20220509,14:21,Zeehan AMP,106,Z_220,Fished,IUCN VI,-39.940306,143.38615,GoPro Hero10,neville.barrett@utas.edu.au,jacquomo.monk@utas.edu.au,Parks Australia,DMP-MPA-2122-038,LV,Y,Y,Mixed Rariphotic shelf reefs & Shelf unvegetated sediments
Z_221,20220505,9:25,Zeehan AMP,104,Z_221,Fished,IUCN VI,-39.889355,143.63215,GoPro Hero10,neville.barrett@utas.edu.au,jacquomo.monk@utas.edu.au,Parks Australia,DMP-MPA-2122-038,TD,Y,Y,Shelf unvegetated sediments
Z_222,20220510,14:50,Zeehan AMP,115,Z_222,Fished,IUCN VI,-39.819039,143.24068,GoPro Hero10,neville.barrett@utas.edu.au,jacquomo.monk@utas.edu.au,Parks Australia,DMP-MPA-2122-038,LV,Y,Y,Mixed Rariphotic shelf reefs & Shelf unvegetated sediments
Z_223,20220509,8:31,Zeehan AMP,102,Z_223,Fished,IUCN VI,-39.835942,143.43346,GoPro Hero10,neville.barrett@utas.edu.au,jacquomo.monk@utas.edu.au,Parks Australia,DMP-MPA-2122-038,LV,Y,Y,Shelf unvegetated sediments
Z_224,20220511,9:38,Zeehan AMP,103,Z_224,Fished,IUCN VI,-39.853482,143.37178,GoPro Hero10,neville.barrett@utas.edu.au,jacquomo.monk@utas.edu.au,Parks Australia,DMP-MPA-2122-038,LV,Y,Y,Shelf unvegetated sediments
Z_225,20220505,16:32,Zeehan AMP,103,Z_225,Fished,IUCN VI,-39.864062,143.50797,GoPro Hero10,neville.barrett@utas.edu.au,jacquomo.monk@utas.edu.au,Parks Australia,DMP-MPA-2122-038,TD,Y,Y,Shelf unvegetated sediments
Z_226,20220505,14:06,Zeehan AMP,105,Z_226,Fished,IUCN VI,-39.911833,143.46753,GoPro Hero10,neville.barrett@utas.edu.au,jacquomo.monk@utas.edu.au,Parks Australia,DMP-MPA-2122-038,TD,Y,Y,Shelf unvegetated sediments
Z_227,20220510,7:36,Zeehan AMP,103,Z_227,Fished,IUCN VI,-39.825888,143.4112,GoPro Hero10,neville.barrett@utas.edu.au,jacquomo.monk@utas.edu.au,Parks Australia,DMP-MPA-2122-038,LV,Y,Y,Shelf unvegetated sediments
Z_228,20220512,12:15,Zeehan AMP,137,Z_228,Fished,IUCN VI,-39.9284,143.23856,GoPro Hero10,neville.barrett@utas.edu.au,jacquomo.monk@utas.edu.au,Parks Australia,DMP-MPA-2122-038,LV,Y,Y,Rariphotic shelf reefs
Z_229,20220509,13:48,Zeehan AMP,105,Z_229,Fished,IUCN VI,-39.947034,143.42008,GoPro Hero10,neville.barrett@utas.edu.au,jacquomo.monk@utas.edu.au,Parks Australia,DMP-MPA-2122-038,LV,Y,Y,Shelf unvegetated sediments
Z_230,20220512,7:36,Zeehan AMP,107,Z_230,Fished,IUCN VI,-39.865799,143.30837,GoPro Hero10,neville.barrett@utas.edu.au,jacquomo.monk@utas.edu.au,Parks Australia,DMP-MPA-2122-038,LV,Y,Y,Rariphotic shelf reefs
Z_231,20220508,10:44,Zeehan AMP,96,Z_231,Fished,IUCN VI,-39.815094,143.55414,GoPro Hero10,neville.barrett@utas.edu.au,jacquomo.monk@utas.edu.au,Parks Australia,DMP-MPA-2122-038,LV,Y,Y,Shelf unvegetated sediments
Z_232,20220512,11:19,Zeehan AMP,123,Z_232,Fished,IUCN VI,-39.902689,143.24558,GoPro Hero10,neville.barrett@utas.edu.au,jacquomo.monk@utas.edu.au,Parks Australia,DMP-MPA-2122-038,LV,Y,Y,Mixed Rariphotic shelf reefs & Shelf unvegetated sediments
Z_233,20220504,15:42,Zeehan AMP,98,Z_233,Fished,IUCN VI,-39.946308,143.60841,GoPro Hero10,neville.barrett@utas.edu.au,jacquomo.monk@utas.edu.au,Parks Australia,DMP-MPA-2122-038,TD,Y,Y,Shelf unvegetated sediments
Z_234,20220406,9:16,Zeehan AMP,99,Z_234,Fished,IUCN VI,-39.833707,143.59877,GoPro Hero10,neville.barrett@utas.edu.au,jacquomo.monk@utas.edu.au,Parks Australia,DMP-MPA-2122-038,TD,Y,Y,Shelf unvegetated sediments
Z_235,20220513,10:50,Zeehan AMP,109,Z_235,Fished,IUCN VI,-39.921419,143.29017,GoPro Hero10,neville.barrett@utas.edu.au,jacquomo.monk@utas.edu.au,Parks Australia,DMP-MPA-2122-038,LV,Y,Y,Mixed Rariphotic shelf reefs & Shelf unvegetated sediments
Z_236,20220511,15:15,Zeehan AMP,149,Z_236,Fished,IUCN VI,-39.840631,143.1958,GoPro Hero10,neville.barrett@utas.edu.au,jacquomo.monk@utas.edu.au,Parks Australia,DMP-MPA-2122-038,LV,Y,Y,Rariphotic shelf reefs
Z_237,20220505,12:32,Zeehan AMP,99,Z_237,Fished,IUCN VI,-39.921332,143.49559,GoPro Hero10,neville.barrett@utas.edu.au,jacquomo.monk@utas.edu.au,Parks Australia,DMP-MPA-2122-038,TD,Y,Y,Rariphotic shelf reefs
Z_238,20220510,13:31,Zeehan AMP,129,Z_238,Fished,IUCN VI,-39.814876,143.21241,GoPro Hero10,neville.barrett@utas.edu.au,jacquomo.monk@utas.edu.au,Parks Australia,DMP-MPA-2122-038,LV,Y,Y,Shelf unvegetated sediments
Z_239,20220513,12:02,Zeehan AMP,132,Z_239,Fished,IUCN VI,-39.946221,143.26601,GoPro Hero10,neville.barrett@utas.edu.au,jacquomo.monk@utas.edu.au,Parks Australia,DMP-MPA-2122-038,LV,Y,Y,Mixed Rariphotic shelf reefs & Shelf unvegetated sediments
Z_240,20220505,15:04,Zeehan AMP,101,Z_240,Fished,IUCN VI,-39.895621,143.5121,GoPro Hero10,neville.barrett@utas.edu.au,jacquomo.monk@utas.edu.au,Parks Australia,DMP-MPA-2122-038,TD,Y,N,Rariphotic shelf reefs
Z_241,20220509,11:10,Zeehan AMP,103,Z_241,Fished,IUCN VI,-39.886368,143.42137,GoPro Hero10,neville.barrett@utas.edu.au,jacquomo.monk@utas.edu.au,Parks Australia,DMP-MPA-2122-038,LV,Y,Y,Shelf unvegetated sediments
Z_242,20220511,13:56,Zeehan AMP,127,Z_242,Fished,IUCN VI,-39.832511,143.22289,GoPro Hero10,neville.barrett@utas.edu.au,jacquomo.monk@utas.edu.au,Parks Australia,DMP-MPA-2122-038,LV,Y,Y,Mixed Rariphotic shelf reefs & Shelf unvegetated sediments
Z_243,20220505,16:47,Zeehan AMP,99,Z_243,Fished,IUCN VI,-39.861426,143.52517,GoPro Hero10,neville.barrett@utas.edu.au,jacquomo.monk@utas.edu.au,Parks Australia,DMP-MPA-2122-038,TD,Y,Y,Shelf unvegetated sediments
Z_244,20220513,13:45,Zeehan AMP,104,Z_244,Fished,IUCN VI,-39.926466,143.32418,GoPro Hero10,neville.barrett@utas.edu.au,jacquomo.monk@utas.edu.au,Parks Australia,DMP-MPA-2122-038,AB,Y,Y,Mixed Rariphotic shelf reefs & Shelf unvegetated sediments
Z_245,20220510,17:02,Zeehan AMP,111,Z_245,Fished,IUCN VI,-39.808091,143.26977,GoPro Hero10,neville.barrett@utas.edu.au,jacquomo.monk@utas.edu.au,Parks Australia,DMP-MPA-2122-038,LV,Y,Y,Mixed Rariphotic shelf reefs & Shelf unvegetated sediments
Z_246,20220505,15:57,Zeehan AMP,106,Z_246,Fished,IUCN VI,-39.885952,143.47833,GoPro Hero10,neville.barrett@utas.edu.au,jacquomo.monk@utas.edu.au,Parks Australia,DMP-MPA-2122-038,TD,Y,Y,Rariphotic shelf reefs
Z_247,20220510,8:06,Zeehan AMP,103,Z_247,Fished,IUCN VI,-39.816011,143.38322,GoPro Hero10,neville.barrett@utas.edu.au,jacquomo.monk@utas.edu.au,Parks Australia,DMP-MPA-2122-038,LV,Y,Y,Shelf unvegetated sediments
Z_248,20220505,10:02,Zeehan AMP,102,Z_248,Fished,IUCN VI,-39.893677,143.59206,GoPro Hero10,neville.barrett@utas.edu.au,jacquomo.monk@utas.edu.au,Parks Australia,DMP-MPA-2122-038,TD,Y,Y,Shelf unvegetated sediments
Z_249,20220508,14:43,Zeehan AMP,102,Z_249,Fished,IUCN VI,-39.826664,143.51933,GoPro Hero10,neville.barrett@utas.edu.au,jacquomo.monk@utas.edu.au,Parks Australia,DMP-MPA-2122-038,LV,Y,Y,Mixed Rariphotic shelf reefs & Shelf unvegetated sediments
Z_250,20220505,14:33,Zeehan AMP,102,Z_250,Fished,IUCN VI,-39.903359,143.48504,GoPro Hero10,neville.barrett@utas.edu.au,jacquomo.monk@utas.edu.au,Parks Australia,DMP-MPA-2122-038,TD,Y,Y,Mixed Rariphotic shelf reefs & Shelf unvegetated sediments
Z_251,20220511,9:08,Zeehan AMP,105,Z_251,Fished,IUCN VI,-39.841433,143.36669,GoPro Hero10,neville.barrett@utas.edu.au,jacquomo.monk@utas.edu.au,Parks Australia,DMP-MPA-2122-038,LV,Y,Y,Shelf unvegetated sediments
Z_252,20220504,14:46,Zeehan AMP,105,Z_252,Fished,IUCN VI,-39.944726,143.66559,GoPro Hero10,neville.barrett@utas.edu.au,jacquomo.monk@utas.edu.au,Parks Australia,DMP-MPA-2122-038,TD,Y,Y,Shelf unvegetated sediments
Z_253,20220510,10:56,Zeehan AMP,115,Z_253,Fished,IUCN VI,-39.796029,143.25046,GoPro Hero10,neville.barrett@utas.edu.au,jacquomo.monk@utas.edu.au,Parks Australia,DMP-MPA-2122-038,LV,Y,Y,Mixed Rariphotic shelf reefs & Shelf unvegetated sediments
Z_254,20220512,10:40,Zeehan AMP,126,Z_254,Fished,IUCN VI,-39.890388,143.23011,GoPro Hero10,neville.barrett@utas.edu.au,jacquomo.monk@utas.edu.au,Parks Australia,DMP-MPA-2122-038,LV,Y,Y,Rariphotic shelf reefs
Z_255,20220512,9:12,Zeehan AMP,114,Z_255,Fished,IUCN VI,-39.865233,143.25428,GoPro Hero10,neville.barrett@utas.edu.au,jacquomo.monk@utas.edu.au,Parks Australia,DMP-MPA-2122-038,LV,Y,Y,Rariphotic shelf reefs
Z_256,20220509,16:32,Zeehan AMP,101,Z_256,Fished,IUCN VI,-39.907849,143.37359,GoPro Hero10,neville.barrett@utas.edu.au,jacquomo.monk@utas.edu.au,Parks Australia,DMP-MPA-2122-038,LV,Y,Y,Shelf unvegetated sediments
Z_257,20220512,17:42,Zeehan AMP,110,Z_257,Fished,IUCN VI,-39.883959,143.29886,GoPro Hero10,neville.barrett@utas.edu.au,jacquomo.monk@utas.edu.au,Parks Australia,DMP-MPA-2122-038,LV,Y,Y,Rariphotic shelf reefs
Z_258,20220510,12:09,Zeehan AMP,147,Z_258,Fished,IUCN VI,-39.802719,143.19323,GoPro Hero10,neville.barrett@utas.edu.au,jacquomo.monk@utas.edu.au,Parks Australia,DMP-MPA-2122-038,LV,Y,Y,Mixed Rariphotic shelf reefs & Shelf unvegetated sediments
Z_259,20220513,9:08,Zeehan AMP,102,Z_259,Fished,IUCN VI,-39.898145,143.33996,GoPro Hero10,neville.barrett@utas.edu.au,jacquomo.monk@utas.edu.au,Parks Australia,DMP-MPA-2122-038,LV,Y,Y,Mixed Rariphotic shelf reefs & Shelf unvegetated sediments
Z_260,20220506,8:36,Zeehan AMP,103,Z_260,Fished,IUCN VI,-39.846271,143.64664,GoPro Hero10,neville.barrett@utas.edu.au,jacquomo.monk@utas.edu.au,Parks Australia,DMP-MPA-2122-038,TD,Y,Y,Shelf unvegetated sediments
Z_261,20220510,15:38,Zeehan AMP,116,Z_261,Fished,IUCN VI,-39.82722,143.23743,GoPro Hero10,neville.barrett@utas.edu.au,jacquomo.monk@utas.edu.au,Parks Australia,DMP-MPA-2122-038,LV,Y,Y,Mixed Rariphotic shelf reefs & Shelf unvegetated sediments
Z_262,20220505,17:28,Zeehan AMP,102,Z_262,Fished,IUCN VI,-39.869725,143.56181,GoPro Hero10,neville.barrett@utas.edu.au,jacquomo.monk@utas.edu.au,Parks Australia,DMP-MPA-2122-038,TD,Y,N,Shelf unvegetated sediments
Z_263,20220510,16:49,Zeehan AMP,111,Z_263,Fished,IUCN VI,-39.802152,143.26157,GoPro Hero10,neville.barrett@utas.edu.au,jacquomo.monk@utas.edu.au,Parks Australia,DMP-MPA-2122-038,LV,Y,Y,Shelf unvegetated sediments
Z_264,20220510,17:36,Zeehan AMP,107,Z_264,Fished,IUCN VI,-39.820784,143.30611,GoPro Hero10,neville.barrett@utas.edu.au,jacquomo.monk@utas.edu.au,Parks Australia,DMP-MPA-2122-038,LV,Y,Y,Shelf unvegetated sediments
Z_265,20220509,8:43,Zeehan AMP,103,Z_265,Fished,IUCN VI,-39.844186,143.4321,GoPro Hero10,neville.barrett@utas.edu.au,jacquomo.monk@utas.edu.au,Parks Australia,DMP-MPA-2122-038,LV,Y,Y,Shelf unvegetated sediments
Z_266,20220511,15:59,Zeehan AMP,143,Z_266,Fished,IUCN VI,-39.860689,143.20323,GoPro Hero10,neville.barrett@utas.edu.au,jacquomo.monk@utas.edu.au,Parks Australia,DMP-MPA-2122-038,LV,Y,Y,Mixed Rariphotic shelf reefs & Shelf unvegetated sediments
Z_267,20220505,12:02,Zeehan AMP,102,Z_267,Fished,IUCN VI,-39.941375,143.5031,GoPro Hero10,neville.barrett@utas.edu.au,jacquomo.monk@utas.edu.au,Parks Australia,DMP-MPA-2122-038,TD,Y,Y,Shelf unvegetated sediments
Z_268,20220510,8:57,Zeehan AMP,106,Z_268,Fished,IUCN VI,-39.800914,143.35844,GoPro Hero10,neville.barrett@utas.edu.au,jacquomo.monk@utas.edu.au,Parks Australia,DMP-MPA-2122-038,LV,Y,Y,Shelf unvegetated sediments
Z_269,20220512,11:43,Zeehan AMP,127,Z_269,Fished,IUCN VI,-39.913214,143.25354,GoPro Hero10,neville.barrett@utas.edu.au,jacquomo.monk@utas.edu.au,Parks Australia,DMP-MPA-2122-038,LV,Y,Y,Rariphotic shelf reefs
Z_270,20220509,9:09,Zeehan AMP,103,Z_270,Fished,IUCN VI,-39.853285,143.40884,GoPro Hero10,neville.barrett@utas.edu.au,jacquomo.monk@utas.edu.au,Parks Australia,DMP-MPA-2122-038,LV,Y,Y,Shelf unvegetated sediments
Z_271,20220513,12:41,Zeehan AMP,108,Z_271,Fished,IUCN VI,-39.945164,143.3089,GoPro Hero10,neville.barrett@utas.edu.au,jacquomo.monk@utas.edu.au,Parks Australia,DMP-MPA-2122-038,AB,Y,Y,Mixed Rariphotic shelf reefs & Shelf unvegetated sediments
Z_272,20220506,10:44,Zeehan AMP,100,Z_272,Fished,IUCN VI,-39.81864,143.61949,GoPro Hero10,neville.barrett@utas.edu.au,jacquomo.monk@utas.edu.au,Parks Australia,DMP-MPA-2122-038,TD,Y,N,Shelf unvegetated sediments
Z_273,20220512,16:23,Zeehan AMP,111,Z_273,Fished,IUCN VI,-39.879547,143.28203,GoPro Hero10,neville.barrett@utas.edu.au,jacquomo.monk@utas.edu.au,Parks Australia,DMP-MPA-2122-038,LV,Y,Y,Shelf unvegetated sediments
Z_274,20220511,17:01,Zeehan AMP,120,Z_274,Fished,IUCN VI,-39.869446,143.23699,GoPro Hero10,neville.barrett@utas.edu.au,jacquomo.monk@utas.edu.au,Parks Australia,DMP-MPA-2122-038,LV,Y,Y,Rariphotic shelf reefs
Z_275,20220509,10:09,Zeehan AMP,104,Z_275,Fished,IUCN VI,-39.869444,143.44212,GoPro Hero10,neville.barrett@utas.edu.au,jacquomo.monk@utas.edu.au,Parks Australia,DMP-MPA-2122-038,LV,Y,Y,Shelf unvegetated sediments
Z_276,20220508,15:25,Zeehan AMP,102,Z_276,Fished,IUCN VI,-39.79368,143.50675,GoPro Hero10,neville.barrett@utas.edu.au,jacquomo.monk@utas.edu.au,Parks Australia,DMP-MPA-2122-038,LV,Y,Y,Shelf unvegetated sediments
Z_277,20220511,10:05,Zeehan AMP,104,Z_277,Fished,IUCN VI,-39.860139,143.35145,GoPro Hero10,neville.barrett@utas.edu.au,jacquomo.monk@utas.edu.au,Parks Australia,DMP-MPA-2122-038,LV,Y,Y,Mixed Rariphotic shelf reefs & Shelf unvegetated sediments
Z_278,20220510,17:16,Zeehan AMP,111,Z_278,Fished,IUCN VI,-39.816097,143.27786,GoPro Hero10,neville.barrett@utas.edu.au,jacquomo.monk@utas.edu.au,Parks Australia,DMP-MPA-2122-038,LV,Y,Y,Mixed Rariphotic shelf reefs & Shelf unvegetated sediments
Z_279,20220505,15:44,Zeehan AMP,104,Z_279,Fished,IUCN VI,-39.893855,143.48646,GoPro Hero10,neville.barrett@utas.edu.au,jacquomo.monk@utas.edu.au,Parks Australia,DMP-MPA-2122-038,TD,Y,Y,Shelf unvegetated sediments
Z_280,20220509,12:27,Zeehan AMP,105,Z_280,Fished,IUCN VI,-39.911421,143.42475,GoPro Hero10,neville.barrett@utas.edu.au,jacquomo.monk@utas.edu.au,Parks Australia,DMP-MPA-2122-038,LV,Y,Y,Shelf unvegetated sediments
Z_281,20220510,9:43,Zeehan AMP,106,Z_281,Fished,IUCN VI,-39.795991,143.32519,GoPro Hero10,neville.barrett@utas.edu.au,jacquomo.monk@utas.edu.au,Parks Australia,DMP-MPA-2122-038,LV,Y,Y,Mixed Rariphotic shelf reefs & Shelf unvegetated sediments
Z_282,20220512,9:49,Zeehan AMP,114,Z_282,Fished,IUCN VI,-39.884591,143.25966,GoPro Hero10,neville.barrett@utas.edu.au,jacquomo.monk@utas.edu.au,Parks Australia,DMP-MPA-2122-038,LV,Y,Y,Mixed Rariphotic shelf reefs & Shelf unvegetated sediments
Z_283,20220505,9:08,Zeehan AMP,101,Z_283,Fished,IUCN VI,-39.876356,143.62495,GoPro Hero10,neville.barrett@utas.edu.au,jacquomo.monk@utas.edu.au,Parks Australia,DMP-MPA-2122-038,TD,Y,Y,Shelf unvegetated sediments
Z_284,20220513,11:14,Zeehan AMP,114,Z_284,Fished,IUCN VI,-39.937265,143.28721,GoPro Hero10,neville.barrett@utas.edu.au,jacquomo.monk@utas.edu.au,Parks Australia,DMP-MPA-2122-038,LV,Y,Y,Mixed Rariphotic shelf reefs & Shelf unvegetated sediments
Z_285,20220504,16:23,Zeehan AMP,103,Z_285,Fished,IUCN VI,-39.918415,143.58487,GoPro Hero10,neville.barrett@utas.edu.au,jacquomo.monk@utas.edu.au,Parks Australia,DMP-MPA-2122-038,TD,Y,Y,Shelf unvegetated sediments
Z_286,20220512,15:39,Zeehan AMP,117,Z_286,Fished,IUCN VI,-39.902098,143.26631,GoPro Hero10,neville.barrett@utas.edu.au,jacquomo.monk@utas.edu.au,Parks Australia,DMP-MPA-2122-038,LV,Y,Y,Rariphotic shelf reefs
Z_287,20220512,9:23,Zeehan AMP,116,Z_287,Fished,IUCN VI,-39.872717,143.24897,GoPro Hero10,neville.barrett@utas.edu.au,jacquomo.monk@utas.edu.au,Parks Australia,DMP-MPA-2122-038,LV,Y,Y,Mixed Rariphotic shelf reefs & Shelf unvegetated sediments
Z_288,20220513,13:05,Zeehan AMP,106,Z_288,Fished,IUCN VI,-39.939796,143.32135,GoPro Hero10,neville.barrett@utas.edu.au,jacquomo.monk@utas.edu.au,Parks Australia,DMP-MPA-2122-038,AB,Y,Y,Rariphotic shelf reefs
Z_289,20220508,11:47,Zeehan AMP,100,Z_289,Fished,IUCN VI,-39.840773,143.5393,GoPro Hero10,neville.barrett@utas.edu.au,jacquomo.monk@utas.edu.au,Parks Australia,DMP-MPA-2122-038,LV,Y,Y,Mixed Rariphotic shelf reefs & Shelf unvegetated sediments
Z_290,20220511,10:55,Zeehan AMP,108,Z_290,Fished,IUCN VI,-39.853328,143.31839,GoPro Hero10,neville.barrett@utas.edu.au,jacquomo.monk@utas.edu.au,Parks Australia,DMP-MPA-2122-038,LV,Y,Y,Shelf unvegetated sediments
Z_291,20220511,17:15,Zeehan AMP,125,Z_291,Fished,IUCN VI,-39.863347,143.22669,GoPro Hero10,neville.barrett@utas.edu.au,jacquomo.monk@utas.edu.au,Parks Australia,DMP-MPA-2122-038,LV,Y,Y,Mixed Rariphotic shelf reefs & Shelf unvegetated sediments
Z_292,20220506,10:31,Zeehan AMP,100,Z_292,Fished,IUCN VI,-39.821205,143.60862,GoPro Hero10,neville.barrett@utas.edu.au,jacquomo.monk@utas.edu.au,Parks Australia,DMP-MPA-2122-038,TD,Y,Y,Shelf unvegetated sediments
Z_293,20220505,17:15,Zeehan AMP,99,Z_293,Fished,IUCN VI,-39.871298,143.55109,GoPro Hero10,neville.barrett@utas.edu.au,jacquomo.monk@utas.edu.au,Parks Australia,DMP-MPA-2122-038,TD,Y,N,Rariphotic shelf reefs
Z_294,20220510,16:37,Zeehan AMP,111,Z_294,Fished,IUCN VI,-39.803694,143.25074,GoPro Hero10,neville.barrett@utas.edu.au,jacquomo.monk@utas.edu.au,Parks Australia,DMP-MPA-2122-038,LV,Y,Y,Rariphotic shelf reefs
Z_295,20220511,7:48,Zeehan AMP,102,Z_295,Fished,IUCN VI,-39.819548,143.34098,GoPro Hero10,neville.barrett@utas.edu.au,jacquomo.monk@utas.edu.au,Parks Australia,DMP-MPA-2122-038,LV,Y,Y,Shelf unvegetated sediments
Z_296,20220506,8:25,Zeehan AMP,103,Z_296,Fished,IUCN VI,-39.848069,143.6434,GoPro Hero10,neville.barrett@utas.edu.au,jacquomo.monk@utas.edu.au,Parks Australia,DMP-MPA-2122-038,TD,Y,Y,Shelf unvegetated sediments
Z_297,20220512,14:50,Zeehan AMP,133,Z_297,Fished,IUCN VI,-39.932572,143.25892,GoPro Hero10,neville.barrett@utas.edu.au,jacquomo.monk@utas.edu.au,Parks Australia,DMP-MPA-2122-038,LV,Y,Y,Mixed Rariphotic shelf reefs & Shelf unvegetated sediments
Z_298,20220511,17:38,Zeehan AMP,119,Z_298,Fished,IUCN VI,-39.853999,143.23281,GoPro Hero10,neville.barrett@utas.edu.au,jacquomo.monk@utas.edu.au,Parks Australia,DMP-MPA-2122-038,LV,Y,Y,Mixed Rariphotic shelf reefs & Shelf unvegetated sediments
Z_299,20220509,9:29,Zeehan AMP,105,Z_299,Fished,IUCN VI,-39.854006,143.43801,GoPro Hero10,neville.barrett@utas.edu.au,jacquomo.monk@utas.edu.au,Parks Australia,DMP-MPA-2122-038,LV,Y,Y,Shelf unvegetated sediments
Z_300,20220510,14:02,Zeehan AMP,123,Z_300,Fished,IUCN VI,-39.801967,143.22806,GoPro Hero10,neville.barrett@utas.edu.au,jacquomo.monk@utas.edu.au,Parks Australia,DMP-MPA-2122-038,LV,Y,Y,Mixed Rariphotic shelf reefs & Shelf unvegetated sediments
Z_301,20220510,13:02,Zeehan AMP,136,Z_301,Fished,IUCN VI,-39.81333417,143.1932867,GoPro Hero10,neville.barrett@utas.edu.au,jacquomo.monk@utas.edu.au,Parks Australia,DMP-MPA-2122-038,LV,Y,Y,Rariphotic shelf reefs
Z_302,20220510,13:14,Zeehan AMP,123,Z_302,Fished,IUCN VI,-39.92219667,143.244845,GoPro Hero10,neville.barrett@utas.edu.au,jacquomo.monk@utas.edu.au,Parks Australia,DMP-MPA-2122-038,LV,Y,Y,Mixed Rariphotic shelf reefs & Shelf unvegetated sediments
Z_303,20220512,13:11,Zeehan AMP,134,Z_303,Fished,IUCN VI,-39.81424333,143.19575,GoPro Hero10,neville.barrett@utas.edu.au,jacquomo.monk@utas.edu.au,Parks Australia,DMP-MPA-2122-038,LV,Y,Y,Mixed Rariphotic shelf reefs & Shelf unvegetated sediments
Z_304,20220512,13:18,Zeehan AMP,128,Z_304,Fished,IUCN VI,-39.92332667,143.2468983,GoPro Hero10,neville.barrett@utas.edu.au,jacquomo.monk@utas.edu.au,Parks Australia,DMP-MPA-2122-038,LV,Y,Y,Shelf unvegetated sediments
